timestamp,value,label,score,alert,baseline_alert
2013-12-19 10:00:00,74.94672097,1,0.4328521857478215,False,False
2013-12-19 11:00:00,73.86675878,1,0.44633277995374243,False,False
2013-12-19 12:00:00,73.71014444,1,0.4221471019921574,False,False
2013-12-19 13:00:00,74.90952525,1,0.45684761097561527,False,False
2013-12-19 14:00:00,74.84580286,1,0.4179186238716094,False,False
2013-12-19 15:00:00,75.602222,1,0.4513105929371093,False,False
2013-12-19 16:00:00,74.74889536,1,0.4631017514405384,False,False
2013-12-19 17:00:00,75.01816634,1,0.4471333571895985,False,False
2013-12-19 18:00:00,75.72022589,1,0.4645191042085804,False,False
2013-12-19 19:00:00,76.30473901,1,0.4566966664001812,False,False
2013-12-19 20:00:00,76.01042931,1,0.45149406114607465,False,False
2013-12-19 21:00:00,77.21635808,1,0.5211469424725869,False,False
2013-12-19 22:00:00,76.50729669,1,0.48895886890121565,False,False
2013-12-19 23:00:00,76.88382451,1,0.49447350347295776,False,False
2013-12-20 00:00:00,76.77573772,1,0.4884651890970759,False,False
2013-12-20 01:00:00,76.28321772,1,0.4773417293330439,False,False
2013-12-20 02:00:00,76.24950337,1,0.46349697623582087,False,False
2013-12-20 03:00:00,76.06611132,1,0.46080279046468925,False,False
2013-12-20 04:00:00,75.81287763,1,0.4807281080305287,False,False
2013-12-20 05:00:00,75.70166172,1,0.49860097398687664,False,False
2013-12-20 06:00:00,77.39653919999998,1,0.5958254420191492,False,False
2013-12-20 07:00:00,76.21575455,1,0.5471987098307642,False,False
2013-12-20 08:00:00,76.42174243,1,0.5208714804652476,False,False
2013-12-20 09:00:00,76.12429859999997,1,0.5133729387430412,False,False
2013-12-20 10:00:00,75.95841843,1,0.5032638557236774,False,False
2013-12-20 11:00:00,74.24349947,1,0.5129235877751503,False,False
2013-12-20 12:00:00,76.0751302,1,0.5263422777203665,False,False
2013-12-20 13:00:00,75.84588787,1,0.4542301737585615,False,False
2013-12-20 14:00:00,74.92850291,1,0.46442709832165985,False,False
2013-12-20 15:00:00,76.3109073,1,0.501694288139506,False,False
2013-12-20 16:00:00,75.13722516,1,0.4797527582114835,False,False
2013-12-20 17:00:00,75.66403255,1,0.4533303541144593,False,False
2013-12-20 18:00:00,77.34278041,1,0.5433209095814385,False,False
2013-12-20 19:00:00,76.93423637,1,0.5009169653895706,False,False
2013-12-20 20:00:00,76.61857052,1,0.48367156721064275,False,False
2013-12-20 21:00:00,77.03286984,1,0.5000139863339194,False,False
2013-12-20 22:00:00,77.55962287,1,0.5374932680194879,False,False
2013-12-20 23:00:00,79.09188313,1,0.6204255897364755,True,True
2013-12-21 00:00:00,78.52068112,1,0.6052183451186561,False,False
2013-12-21 01:00:00,78.98608769,1,0.6176023630284819,False,True
2013-12-21 02:00:00,79.4198418,1,0.6309443444775419,True,True
2013-12-21 03:00:00,79.04463822,1,0.628125808984473,True,True
2013-12-21 04:00:00,78.08950603,1,0.6230011417435456,True,False
2013-12-21 05:00:00,77.60666850000001,1,0.5974100594528617,False,False
2013-12-21 06:00:00,77.94600233,1,0.6038375826491449,False,False
2013-12-21 07:00:00,77.89349375,1,0.5919925711569443,False,False
2013-12-21 08:00:00,78.60456446,1,0.5999198599806422,False,False
2013-12-21 09:00:00,77.06658421,1,0.5958086914234049,False,False
2013-12-21 10:00:00,78.3217143,1,0.6173919461136624,False,False
2013-12-21 11:00:00,77.70983715,1,0.5911736021347211,False,False
2013-12-21 12:00:00,78.84426107,1,0.6150921526837175,False,True
2013-12-21 13:00:00,77.1455334,1,0.5996053818016492,False,False
2013-12-21 14:00:00,78.76918765,1,0.6347928358197832,True,True
2013-12-21 15:00:00,77.91774797,1,0.6136558796094124,False,False
2013-12-21 16:00:00,78.34500813,1,0.6128863044729895,False,False
2013-12-21 17:00:00,79.86106375,1,0.6246096008089592,True,True
2013-12-21 18:00:00,80.52026302,1,0.6218308754470149,True,True
2013-12-21 19:00:00,79.89687488,1,0.6218345247416796,True,True
2013-12-21 20:00:00,82.28923988,1,0.6926998261376395,True,True
2013-12-21 21:00:00,82.98986906,1,0.6477138823282803,True,True
2013-12-21 22:00:00,83.24788623,1,0.6535762373499432,True,True
2013-12-21 23:00:00,82.51965884,1,0.6681847111785597,True,True
2013-12-22 00:00:00,82.73680192,1,0.6588511639070537,True,True
2013-12-22 01:00:00,83.78099481,1,0.6647531142794278,True,True
2013-12-22 02:00:00,83.00863385,1,0.6643225587097089,True,True
2013-12-22 03:00:00,82.8156272,1,0.6422331039930376,True,True
2013-12-22 04:00:00,81.77474405,1,0.6439527924421784,True,True
2013-12-22 05:00:00,82.45427776,1,0.6269378563360211,True,True
2013-12-22 06:00:00,82.09190101,1,0.6177256521730956,False,True
2013-12-22 07:00:00,80.96998612,1,0.6155768896549145,False,True
2013-12-22 08:00:00,81.84802474,1,0.6099784229984673,False,True
2013-12-22 09:00:00,82.11075802,1,0.600787280679289,False,True
2013-12-22 10:00:00,80.90724311,1,0.6243720244854788,True,True
2013-12-22 11:00:00,81.79664979,1,0.6100420586196084,False,True
2013-12-22 12:00:00,80.13996622,1,0.650577864993141,True,True
2013-12-22 13:00:00,80.56010402,1,0.6147581943108057,False,True
2013-12-22 14:00:00,81.53097122,1,0.610243542057901,False,True
2013-12-22 15:00:00,81.83006626,1,0.6040621623267911,False,True
2013-12-22 16:00:00,83.51163000000003,1,0.6321829654558638,True,True
2013-12-22 17:00:00,84.39093203,1,0.634216337768836,True,True
2013-12-22 18:00:00,85.22768546,1,0.6389317306463836,True,True
2013-12-22 19:00:00,86.09488844,1,0.6554439310261699,True,True
2013-12-22 20:00:00,86.20418922,1,0.6546583014515188,True,True
2013-12-22 21:00:00,86.22321261,1,0.6647968425586822,True,True
2013-12-22 22:00:00,85.64943737,1,0.6752229183495351,True,True
2013-12-22 23:00:00,86.07470988,1,0.669420276280546,True,True
2013-12-23 00:00:00,85.32616543,1,0.6631250485211884,True,True
2013-12-23 01:00:00,85.70599036,1,0.6356465113126389,True,True
2013-12-23 02:00:00,84.08697057,1,0.6694159490806342,True,True
2013-12-23 03:00:00,85.22227695,1,0.6179306559352508,False,True
2013-12-23 04:00:00,83.65396808,1,0.6428106934160905,True,True
2013-12-23 05:00:00,84.32899995,1,0.6117698387231408,False,True
2013-12-23 06:00:00,83.11824067,1,0.6387563988038142,True,True
2013-12-23 07:00:00,82.62728762,1,0.6307148331636535,True,True
2013-12-23 08:00:00,82.6222981,1,0.6283203156435632,True,True
2013-12-23 09:00:00,82.37343675,1,0.6328867775099893,True,True
2013-12-23 10:00:00,81.32311924,1,0.6479585932597978,True,True
2013-12-23 11:00:00,80.15369446,1,0.659858438159399,True,True
2013-12-23 12:00:00,80.29698997,1,0.6404910216811135,True,True
2013-12-23 13:00:00,81.14245049,1,0.642773361425166,True,True
2013-12-23 14:00:00,79.87450895,1,0.6671109225355522,True,True
2013-12-23 15:00:00,78.72789303,1,0.6547883244498061,True,True
2013-12-23 16:00:00,80.46954892,1,0.6614131075687631,True,True
2013-12-23 17:00:00,79.03221423,1,0.662292185873302,True,True
2013-12-23 18:00:00,79.87953093,1,0.6395179202377136,True,True
2013-12-23 19:00:00,78.55827641,1,0.6542527390508323,True,False
2013-12-23 20:00:00,79.53990963,1,0.6298636637061056,True,True
2013-12-23 21:00:00,78.25863964,1,0.6308375402602671,True,False
2013-12-23 22:00:00,79.65429515,1,0.6248732791051599,True,True
2013-12-23 23:00:00,80.24362459999998,1,0.6103030670810331,False,True
2013-12-24 00:00:00,80.69153985,1,0.615492787199751,False,True
2013-12-24 01:00:00,80.39914328,1,0.6036023876272573,False,True
2013-12-24 02:00:00,81.39129706,1,0.6219309256333281,True,True
2013-12-24 03:00:00,81.17088406,1,0.6151938863701559,False,True
2013-12-24 04:00:00,79.61617311,1,0.6470996464179277,True,True
2013-12-24 05:00:00,81.12807513,1,0.6348477048132639,True,True
2013-12-24 06:00:00,80.430862,1,0.6182575042595381,False,True
2013-12-24 07:00:00,80.02182976,1,0.6114656289517103,False,True
2013-12-24 08:00:00,79.86815899999998,1,0.6054407310058711,False,True
2013-12-24 09:00:00,80.57302099,1,0.615959783957259,False,True
2013-12-24 10:00:00,78.64657966,1,0.6514041563395742,True,True
2013-12-24 11:00:00,77.52978652,1,0.6107467795187881,False,False
2013-12-24 12:00:00,77.83306033,1,0.6185424480311204,False,False
2013-12-24 13:00:00,77.05832672,1,0.6098100189066585,False,False
2013-12-24 14:00:00,77.19065966,1,0.6087584367216734,False,False
2013-12-24 15:00:00,78.12445799999998,1,0.6274043378002174,True,False
2013-12-24 16:00:00,78.72794247,1,0.6299695953233919,True,True
2013-12-24 17:00:00,78.00471004,1,0.6202900935864962,False,False
2013-12-24 18:00:00,77.76657966,1,0.6099996282322176,False,False
2013-12-24 19:00:00,77.67753604,1,0.5959914280772126,False,False
2013-12-24 20:00:00,78.95358338,1,0.6272826669579066,True,True
2013-12-24 21:00:00,78.36725003,1,0.6123100914639292,False,False
2013-12-24 22:00:00,78.6347335,1,0.6063883412526095,False,True
2013-12-24 23:00:00,79.85459920000002,1,0.6169176742848944,False,True
2013-12-25 00:00:00,78.54898156,1,0.6231250421549118,True,False
2013-12-25 01:00:00,79.24333333,1,0.605089148150803,False,True
2013-12-25 02:00:00,80.04303671,1,0.6062466605942909,False,True
2013-12-25 03:00:00,78.27609712,1,0.6413686810015722,True,False
2013-12-25 04:00:00,79.68598902,1,0.6223343201721531,True,True
2013-12-25 05:00:00,77.91620784,1,0.6367165353824791,True,False
2013-12-25 06:00:00,79.18453247,1,0.6183983721779243,False,True
2013-12-25 07:00:00,77.94191184,1,0.6092803852600566,False,False
2013-12-25 08:00:00,77.08242193,1,0.5807784587791819,False,False
2013-12-25 09:00:00,77.14715291,1,0.5752692215364807,False,False
2013-12-25 10:00:00,77.62220228,1,0.6028332152135677,False,False
2013-12-25 11:00:00,78.39516049,1,0.6171931153252027,False,False
2013-12-25 12:00:00,76.84592783,1,0.6089711201767285,False,False
2013-12-25 13:00:00,78.29719758,1,0.6295135409425067,True,False
2013-12-25 14:00:00,77.61888521,1,0.5881798705316071,False,False
2013-12-25 15:00:00,77.00744034,1,0.5673812026954692,False,False
2013-12-25 16:00:00,77.76062769,1,0.593627965019466,False,False
2013-12-25 17:00:00,77.05181008,1,0.5653688709902825,False,False
2013-12-25 18:00:00,77.0723302,1,0.5715601654125382,False,False
2013-12-25 19:00:00,78.46417804,1,0.630625535649471,True,False
2013-12-25 20:00:00,77.42081363,1,0.6009342417715793,False,False
2013-12-25 21:00:00,77.808112,1,0.6075096358536571,False,False
2013-12-25 22:00:00,77.61400932,1,0.595491880707781,False,False
2013-12-25 23:00:00,78.09598691,1,0.6115364770435767,False,False
2013-12-26 00:00:00,77.77116624,1,0.609739264762446,False,False
2013-12-26 01:00:00,77.12786457,1,0.5931341863177535,False,False
2013-12-26 02:00:00,77.0909157,1,0.5766267015691657,False,False
2013-12-26 03:00:00,78.23972837,1,0.6353957482352985,True,False
2013-12-26 04:00:00,77.93250468,1,0.6110653118806284,False,False
2013-12-26 05:00:00,77.65365613,1,0.6116454649160068,False,False
2013-12-26 06:00:00,76.34552706,1,0.5886261425315049,False,False
2013-12-26 07:00:00,77.17220436,1,0.6002673575605044,False,False
2013-12-26 08:00:00,76.85489779,1,0.5700982760499848,False,False
2013-12-26 09:00:00,77.10917493,1,0.5791610519286787,False,False
2013-12-26 10:00:00,76.08132018,1,0.5410428631637011,False,False
2013-12-26 11:00:00,75.97126016,1,0.5059433412140927,False,False
2013-12-26 12:00:00,75.31930024,1,0.49933557265965683,False,False
2013-12-26 13:00:00,76.16500538,1,0.5198355556238107,False,False
2013-12-26 14:00:00,76.33505989,1,0.503837864420638,False,False
2013-12-26 15:00:00,74.71455759,1,0.5288404780757873,False,False
2013-12-26 16:00:00,75.16889103,1,0.46036502698442405,False,False
2013-12-26 17:00:00,76.88840520000002,1,0.5420130490663722,False,False
2013-12-26 18:00:00,75.877899,1,0.485273199151012,False,False
2013-12-26 19:00:00,76.41369568,1,0.46904639242650326,False,False
2013-12-26 20:00:00,76.51985988,1,0.4693169376680204,False,False
2013-12-26 21:00:00,76.32626701,1,0.4705276939323685,False,False
2013-12-26 22:00:00,76.75690732,1,0.490970587608855,False,False
2013-12-26 23:00:00,77.20223204,1,0.5143800158785012,False,False
2013-12-27 00:00:00,76.54350997,1,0.49394416269101266,False,False
2013-12-27 01:00:00,77.01021977,1,0.5059269856154786,False,False
2013-12-27 02:00:00,77.28761998,1,0.5271892457068568,False,False
2013-12-27 03:00:00,77.13929934,1,0.5318724044184495,False,False
2013-12-27 04:00:00,75.83918057,1,0.5650058132866111,False,False
2013-12-27 05:00:00,77.4130038,1,0.6062665728786243,False,False
2013-12-27 06:00:00,75.63631529,1,0.584291996734494,False,False
2013-12-27 07:00:00,76.80939855,1,0.5752749812623189,False,False
2013-12-27 08:00:00,77.20317007,1,0.561274665679527,False,False
2013-12-27 09:00:00,75.9880975,1,0.5462734540128986,False,False
2013-12-27 10:00:00,75.60517409,1,0.488081930478687,False,False
2013-12-27 11:00:00,76.4823878,1,0.5241439783350426,False,False
2013-12-27 12:00:00,76.08486147,1,0.49184989179534244,False,False
2013-12-27 13:00:00,75.05631746,1,0.48506031083250845,False,False
2013-12-27 14:00:00,75.71939344,1,0.46533371835107046,False,False
2013-12-27 15:00:00,75.49636047,1,0.4532677729226258,False,False
2013-12-27 16:00:00,75.55847428,1,0.4497995039296718,False,False
2013-12-27 17:00:00,75.78702171,1,0.46676355874585995,False,False
2013-12-27 18:00:00,75.42590876,1,0.4605700962605104,False,False
2013-12-27 19:00:00,76.5985245,1,0.5210305802934166,False,False
2013-12-27 20:00:00,75.35253788,1,0.5306057251753781,False,False
2013-12-27 21:00:00,75.52461588,1,0.49045582506461377,False,False
2013-12-27 22:00:00,75.27324876,1,0.48230840959507165,False,False
2013-12-27 23:00:00,76.24473974,1,0.524441760952269,False,False
2013-12-28 00:00:00,76.39365772,1,0.49526350998309915,False,False
2013-12-28 01:00:00,76.14188495,1,0.5093441954997574,False,False
2013-12-28 02:00:00,76.01404616,1,0.5003923485811762,False,False
2013-12-28 03:00:00,76.24766604,1,0.5069437509648554,False,False
2013-12-28 04:00:00,74.60550738,1,0.530536936572296,False,False
2013-12-28 05:00:00,75.27305911,1,0.46881730838325114,False,False
2013-12-28 06:00:00,75.76095709,1,0.4679646927914943,False,False
2013-12-28 07:00:00,75.18391571,1,0.4768590806378277,False,False
2013-12-28 08:00:00,74.39944531,1,0.45598042311751597,False,False
2013-12-28 09:00:00,74.93700505,1,0.44054041554834855,False,False
2013-12-28 10:00:00,74.62630625,1,0.4391745322768311,False,False
2013-12-28 11:00:00,74.52466577,1,0.42295649083446624,False,False
2013-12-28 12:00:00,75.20171861,1,0.44591834520865803,False,False
2013-12-28 13:00:00,75.59031954,1,0.4535033691995128,False,False
2013-12-28 14:00:00,74.99300208,1,0.4614129244449241,False,False
2013-12-28 15:00:00,75.12205049,1,0.48596013037247576,False,False
2013-12-28 16:00:00,74.8451182,1,0.48878713214315855,False,False
2013-12-28 17:00:00,75.5004353,1,0.5027426123977223,False,False
2013-12-28 18:00:00,75.78745907,1,0.5044849180184373,False,False
2013-12-28 19:00:00,76.80171084,1,0.49884485526960076,False,False
2013-12-28 20:00:00,76.89224059,1,0.4821781539790166,False,False
2013-12-28 21:00:00,76.57189936,1,0.4762483394075152,False,False
2013-12-28 22:00:00,76.05772001,1,0.4644986956033584,False,False
2013-12-28 23:00:00,76.30518585,1,0.4590425769718144,False,False
2013-12-29 00:00:00,75.67921558,1,0.4644065858923046,False,False
2013-12-29 01:00:00,75.65697105,1,0.449596621585101,False,False
2013-12-29 02:00:00,76.36312409,1,0.47657004731111413,False,False
2013-12-29 03:00:00,76.36912771,1,0.48022471320533255,False,False
2013-12-29 04:00:00,75.98000468,1,0.5126499012540076,False,False
2013-12-29 05:00:00,74.95772326,1,0.5000659421727252,False,False
2013-12-29 06:00:00,75.4259806,1,0.4765560991949765,False,False
2013-12-29 07:00:00,75.84298448,1,0.4864394348525084,False,False
2013-12-29 08:00:00,74.33460196,1,0.5020321446021075,False,False
2013-12-29 09:00:00,75.25125208,1,0.47928177986704323,False,False
2013-12-29 10:00:00,75.28419137,1,0.44992480234413595,False,False
2013-12-29 11:00:00,73.97549299,1,0.46428215883974616,False,False
2013-12-29 12:00:00,73.77993441,1,0.4280752523289756,False,False
2013-12-29 13:00:00,74.11605842,1,0.42102110720934915,False,False
2013-12-29 14:00:00,75.41199782,1,0.4678273136719943,False,False
2013-12-29 15:00:00,75.88781183,1,0.4435947879911338,False,False
2013-12-29 16:00:00,75.34116597,1,0.43877271849692856,False,False
2013-12-29 17:00:00,74.87521094,1,0.4304491504605216,False,False
2013-12-29 18:00:00,76.97509822,1,0.5541204919460024,False,False
2013-12-29 19:00:00,76.83889695,1,0.48840445905277263,False,False
2013-12-29 20:00:00,76.92440774,1,0.5064873344013181,False,False
2013-12-29 21:00:00,77.32019076,1,0.5359544023916557,False,False
2013-12-29 22:00:00,77.67837913,1,0.5497183663557204,False,False
2013-12-29 23:00:00,76.02861347,1,0.5667105083409463,False,False
2013-12-30 00:00:00,75.57417604,1,0.48717080260394263,False,False
2013-12-30 01:00:00,75.79405442,1,0.4647660812481168,False,False
2013-12-30 02:00:00,76.64253253,1,0.49864069917617926,False,False
2013-12-30 03:00:00,76.35495023,1,0.4874432548799835,False,False
2013-12-30 04:00:00,76.05391238,1,0.47957320440268386,False,False
2013-12-30 05:00:00,75.76492651,1,0.4853562581511729,False,False
2013-12-30 06:00:00,75.53227413,1,0.4664053674831477,False,False
2013-12-30 07:00:00,75.96286731,1,0.4738957800368884,False,False
2013-12-30 08:00:00,76.43916795,1,0.48339346234172265,False,False
2013-12-30 09:00:00,75.79904062,1,0.4874808740023724,False,False
2013-12-30 10:00:00,75.53723344,0,0.5162359440778587,False,False
2013-12-30 11:00:00,74.76067835,0,0.49389474289151347,False,False
2013-12-30 12:00:00,74.8480328,0,0.46061256602120715,False,False
2013-12-30 13:00:00,76.23999342,0,0.5215296483467483,False,False
2013-12-30 14:00:00,75.11179225,0,0.4917130553734979,False,False
2013-12-30 15:00:00,74.94556814,0,0.4511240822310104,False,False
2013-12-30 16:00:00,75.55307362,0,0.47248612288793745,False,False
2013-12-30 17:00:00,76.83833799,0,0.511932865313239,False,False
2013-12-30 18:00:00,75.59523206,0,0.48917947330128947,False,False
2013-12-30 19:00:00,76.31503423,0,0.4638161803014065,False,False
2013-12-30 20:00:00,77.53459374,0,0.5291729415202936,False,False
2013-12-30 21:00:00,76.0050383,0,0.5165719765191195,False,False
2013-12-30 22:00:00,77.68454433,0,0.5634017294126318,False,False
2013-12-30 23:00:00,77.72108111,0,0.5425185704613897,False,False
2013-12-31 00:00:00,77.51558001,0,0.544217379391746,False,False
2013-12-31 01:00:00,78.44437589,0,0.5954001975384037,False,False
2013-12-31 02:00:00,77.97499028,0,0.5870351470135136,False,False
2013-12-31 03:00:00,76.46430922,0,0.5694919859780602,False,False
2013-12-31 04:00:00,77.99078395,0,0.6118521640115435,False,False
2013-12-31 05:00:00,76.65166801,0,0.5716083643481874,False,False
2013-12-31 06:00:00,76.38382148,0,0.5336478423096613,False,False
2013-12-31 07:00:00,77.98764166,0,0.6150234951751419,False,False
2013-12-31 08:00:00,76.02353562,0,0.6092634287068126,False,False
2013-12-31 09:00:00,76.85941302,0,0.5577342548047531,False,False
2013-12-31 10:00:00,77.02694156,0,0.5486025775790502,False,False
2013-12-31 11:00:00,77.4351667,0,0.5674456391261458,False,False
2013-12-31 12:00:00,75.742419,0,0.5615831006043298,False,False
2013-12-31 13:00:00,76.75512501,0,0.5419494794994049,False,False
2013-12-31 14:00:00,76.1618611,0,0.5057007528049989,False,False
2013-12-31 15:00:00,76.68101761,0,0.5169113315420772,False,False
2013-12-31 16:00:00,76.57323145,0,0.5148964279156363,False,False
2013-12-31 17:00:00,77.42705796,0,0.559815357127061,False,False
2013-12-31 18:00:00,78.04219444,0,0.5711097969572436,False,False
2013-12-31 19:00:00,77.03500259,0,0.5478590623712821,False,False
2013-12-31 20:00:00,77.59435294,0,0.5669674918148464,False,False
2013-12-31 21:00:00,76.86767814,0,0.5464123858696496,False,False
2013-12-31 22:00:00,77.59032761,0,0.5714938510772127,False,False
2013-12-31 23:00:00,77.68816859,0,0.5613542051706665,False,False
2014-01-01 00:00:00,77.17536982,0,0.5796450313916182,False,False
2014-01-01 01:00:00,76.88160145,0,0.564990526909284,False,False
2014-01-01 02:00:00,77.64735761,0,0.6136380485851447,False,False
2014-01-01 03:00:00,76.6094964,0,0.5815852264681349,False,False
2014-01-01 04:00:00,76.88619653,0,0.5860806480813835,False,False
2014-01-01 05:00:00,76.25204932,0,0.5529441549068509,False,False
2014-01-01 06:00:00,75.93757409,0,0.5312477360430514,False,False
2014-01-01 07:00:00,77.0866129,0,0.593346170733619,False,False
2014-01-01 08:00:00,76.89226412,0,0.5531167184434691,False,False
2014-01-01 09:00:00,77.15228638,0,0.5694543146486845,False,False
2014-01-01 10:00:00,76.16837159999999,0,0.547558965665838,False,False
2014-01-01 11:00:00,76.0309472,0,0.5139287618725026,False,False
2014-01-01 12:00:00,76.36542467,0,0.5339241593935432,False,False
2014-01-01 13:00:00,76.21666009999998,0,0.5169812613385817,False,False
2014-01-01 14:00:00,77.344746,0,0.5913404174618248,False,False
2014-01-01 15:00:00,77.17413937,0,0.55240587607447,False,False
2014-01-01 16:00:00,77.7444573,0,0.5701482850086897,False,False
2014-01-01 17:00:00,77.80851622,0,0.5602796047748086,False,False
2014-01-01 18:00:00,76.95110006,0,0.5629350464237258,False,False
2014-01-01 19:00:00,77.37914862,0,0.5655402128036405,False,False
2014-01-01 20:00:00,77.64861189,0,0.5688452449083423,False,False
2014-01-01 21:00:00,77.57337175,0,0.5630121624952316,False,False
2014-01-01 22:00:00,77.64969323,0,0.5700953636401324,False,False
2014-01-01 23:00:00,77.28681311,0,0.5834703389747163,False,False
2014-01-02 00:00:00,77.62789588,0,0.6130967015849714,False,False
2014-01-02 01:00:00,76.37452465,0,0.6042192982001973,False,False
2014-01-02 02:00:00,76.89324349,0,0.5917323655845249,False,False
2014-01-02 03:00:00,75.84159632,0,0.5507041162990576,False,False
2014-01-02 04:00:00,76.54495496,0,0.5497562331841891,False,False
2014-01-02 05:00:00,75.54568718,0,0.5095437769591227,False,False
2014-01-02 06:00:00,75.61285500000002,0,0.4882917813381174,False,False
2014-01-02 07:00:00,75.77509947,0,0.48335499342303995,False,False
2014-01-02 08:00:00,76.86025712,0,0.5395979246230084,False,False
2014-01-02 09:00:00,76.75063266,0,0.5035052368668648,False,False
2014-01-02 10:00:00,76.65430247,0,0.49659980932472225,False,False
2014-01-02 11:00:00,76.07822982,0,0.49021292817611656,False,False
2014-01-02 12:00:00,75.64525857,0,0.4969398309584542,False,False
2014-01-02 13:00:00,75.6153839,0,0.4781357732836344,False,False
2014-01-02 14:00:00,75.63346999,0,0.48068457946829546,False,False
2014-01-02 15:00:00,75.45555433,0,0.4745541824585191,False,False
2014-01-02 16:00:00,75.36337466,0,0.4719248685432405,False,False
2014-01-02 17:00:00,76.62929369,0,0.537307744346787,False,False
2014-01-02 18:00:00,76.02807317,0,0.49439734071590286,False,False
2014-01-02 19:00:00,76.95841456,0,0.5275365977710097,False,False
2014-01-02 20:00:00,77.16409297,0,0.5132942891139043,False,False
2014-01-02 21:00:00,77.50435808,0,0.5197797902394877,False,False
2014-01-02 22:00:00,76.45265121,0,0.4997723396109819,False,False
2014-01-02 23:00:00,76.48343837,0,0.4716877577927392,False,False
2014-01-03 00:00:00,75.53864608,0,0.4764918642264661,False,False
2014-01-03 01:00:00,75.63032548,0,0.4543917426748856,False,False
2014-01-03 02:00:00,75.41759869,0,0.4538840215120728,False,False
2014-01-03 03:00:00,75.98132744,0,0.4683384104957379,False,False
2014-01-03 04:00:00,73.93952186,0,0.5604859677144814,False,False
2014-01-03 05:00:00,74.72379503,0,0.47205929740453506,False,False
2014-01-03 06:00:00,74.41912965,0,0.4726467058069449,False,False
2014-01-03 07:00:00,73.57769606,0,0.4732566348364225,False,False
2014-01-03 08:00:00,73.39289962,0,0.46110845107614956,False,False
2014-01-03 09:00:00,73.40029958,0,0.4390745381301182,False,False
2014-01-03 10:00:00,73.15702733,0,0.4429644253978665,False,False
2014-01-03 11:00:00,73.14839463,0,0.41807392153891487,False,False
2014-01-03 12:00:00,73.56870109,0,0.41264473082125014,False,False
2014-01-03 13:00:00,74.24132001,0,0.41089089604618756,False,False
2014-01-03 14:00:00,73.74719451,0,0.4136658982280147,False,False
2014-01-03 15:00:00,75.18506859,0,0.48878364512612976,False,False
2014-01-03 16:00:00,75.62687166,0,0.4438479116212807,False,False
2014-01-03 17:00:00,75.05191762,0,0.42986028736423115,False,False
2014-01-03 18:00:00,75.03447509,0,0.4176203780232814,False,False
2014-01-03 19:00:00,76.67924387,0,0.5379512575697276,False,False
2014-01-03 20:00:00,75.85058042,0,0.47797141900986473,False,False
2014-01-03 21:00:00,76.26521877,0,0.4800125654513302,False,False
2014-01-03 22:00:00,76.40487485,0,0.48693667820284325,False,False
2014-01-03 23:00:00,76.20869095,0,0.4700388804827829,False,False
2014-01-04 00:00:00,75.78848542,0,0.4575306779771446,False,False
2014-01-04 01:00:00,75.78491462,0,0.44405933561694766,False,False
2014-01-04 02:00:00,74.35316083,0,0.4917831158629359,False,False
2014-01-04 03:00:00,73.2440553,0,0.4553547339942864,False,False
2014-01-04 04:00:00,74.52607513,0,0.4756524713006921,False,False
2014-01-04 05:00:00,72.70071992,0,0.5391987648406262,False,False
2014-01-04 06:00:00,72.55197957,0,0.47187659930662984,False,False
2014-01-04 07:00:00,72.76263888,0,0.4689602957859144,False,False
2014-01-04 08:00:00,74.03023695,0,0.505107250605872,False,False
2014-01-04 09:00:00,72.1040175,0,0.5427776012307504,False,False
2014-01-04 10:00:00,72.46775852,0,0.4457680830233015,False,False
2014-01-04 11:00:00,72.42871912,0,0.41593277599308115,False,False
2014-01-04 12:00:00,72.52468151,0,0.40695439868230143,False,False
2014-01-04 13:00:00,73.11919307,0,0.4067863870052239,False,False
2014-01-04 14:00:00,72.88771617,0,0.4029979991097089,False,False
2014-01-04 15:00:00,73.79287601,0,0.42709597215331324,False,False
2014-01-04 16:00:00,72.8959554,0,0.4443515913855056,False,False
2014-01-04 17:00:00,73.45337227,0,0.4299283468259144,False,False
2014-01-04 18:00:00,74.06806234,0,0.419402981093839,False,False
2014-01-04 19:00:00,75.77846693,0,0.5028176306543295,False,False
2014-01-04 20:00:00,75.23072963,0,0.45112276562469167,False,False
2014-01-04 21:00:00,75.61607375,0,0.4619684768579838,False,False
2014-01-04 22:00:00,74.98886104,0,0.453433128009514,False,False
2014-01-04 23:00:00,75.7975775,0,0.4817615799354324,False,False
2014-01-05 00:00:00,74.59213146,0,0.46356257758511593,False,False
2014-01-05 01:00:00,74.133984,0,0.42365956156715245,False,False
2014-01-05 02:00:00,75.68401665,0,0.4886908288214257,False,False
2014-01-05 03:00:00,74.63891988,0,0.4415365878488259,False,False
2014-01-05 04:00:00,74.84522321,0,0.41608997320889185,False,False
2014-01-05 05:00:00,74.99541401,0,0.4392107133239892,False,False
2014-01-05 06:00:00,73.95833504,0,0.4535472231302965,False,False
2014-01-05 07:00:00,73.91074857,0,0.4189134959561601,False,False
2014-01-05 08:00:00,73.56416169,0,0.4194949041308797,False,False
2014-01-05 09:00:00,73.94257293,0,0.41832568383246677,False,False
2014-01-05 10:00:00,73.32290889,0,0.42757756315193507,False,False
2014-01-05 11:00:00,73.93627585,0,0.4260617538858955,False,False
2014-01-05 12:00:00,74.19905101,0,0.41720485373910837,False,False
2014-01-05 13:00:00,72.79990441,0,0.45326278169382656,False,False
2014-01-05 14:00:00,74.06666139,0,0.4570757970877359,False,False
2014-01-05 15:00:00,74.44944008,0,0.430488964925217,False,False
2014-01-05 16:00:00,74.62982839,0,0.4339793929520047,False,False
2014-01-05 17:00:00,73.89403209,0,0.4624697347150755,False,False
2014-01-05 18:00:00,75.44283941,0,0.4979120925867794,False,False
2014-01-05 19:00:00,74.9532114,0,0.43027149376239937,False,False
2014-01-05 20:00:00,75.48287312,0,0.4423573250856693,False,False
2014-01-05 21:00:00,74.85663000000002,0,0.43469015979493564,False,False
2014-01-05 22:00:00,75.91564308,0,0.4627591546242083,False,False
2014-01-05 23:00:00,74.31605939,0,0.4744698746842736,False,False
2014-01-06 00:00:00,75.58963791,0,0.4682023938237527,False,False
2014-01-06 01:00:00,73.80836459,0,0.5046422944193143,False,False
2014-01-06 02:00:00,74.64795190000002,0,0.4372780040232705,False,False
2014-01-06 03:00:00,75.13418494,0,0.4335693377586589,False,False
2014-01-06 04:00:00,73.66916292,0,0.4670988809413176,False,False
2014-01-06 05:00:00,73.35199946,0,0.4212091992804516,False,False
2014-01-06 06:00:00,73.97781018,0,0.4229427138999493,False,False
2014-01-06 07:00:00,74.35526471,0,0.41735848945625753,False,False
2014-01-06 08:00:00,73.95431726,0,0.4192183267682109,False,False
2014-01-06 09:00:00,73.80845391,0,0.4149576371811281,False,False
2014-01-06 10:00:00,73.97871909,0,0.4173045290052941,False,False
2014-01-06 11:00:00,72.86942158,0,0.42818213277675593,False,False
2014-01-06 12:00:00,74.94885797,0,0.5155826955273336,False,False
2014-01-06 13:00:00,75.39944679999998,0,0.4376218535912738,False,False
2014-01-06 14:00:00,74.74238142,0,0.4256662052743215,False,False
2014-01-06 15:00:00,74.66350681,0,0.40968584267415775,False,False
2014-01-06 16:00:00,74.41156835,0,0.41657988156314624,False,False
2014-01-06 17:00:00,75.13358423,0,0.4451434756308289,False,False
2014-01-06 18:00:00,75.11834143,0,0.426908004037636,False,False
2014-01-06 19:00:00,75.43622284,0,0.4351937126531787,False,False
2014-01-06 20:00:00,76.21395639,0,0.4627978271290955,False,False
2014-01-06 21:00:00,74.73751944,0,0.47926903784869473,False,False
2014-01-06 22:00:00,74.54551289,0,0.41706423785513325,False,False
2014-01-06 23:00:00,75.71630602,0,0.509337955606211,False,False
2014-01-07 00:00:00,73.71800848,0,0.5344281839734443,False,False
2014-01-07 01:00:00,73.64882122,0,0.4107235822873491,False,False
2014-01-07 02:00:00,74.84681716,0,0.4538446774387659,False,False
2014-01-07 03:00:00,73.4509252,0,0.45707412279072324,False,False
2014-01-07 04:00:00,74.87858197,0,0.46673371253051976,False,False
2014-01-07 05:00:00,74.74808979,0,0.41652638998320185,False,False
2014-01-07 06:00:00,74.36531581,0,0.41746502656313433,False,False
2014-01-07 07:00:00,74.17844994,0,0.4126973724259658,False,False
2014-01-07 08:00:00,74.32707278,0,0.4231271081924687,False,False
2014-01-07 09:00:00,73.04205499,0,0.4472501847073177,False,False
2014-01-07 10:00:00,73.88036889,0,0.42881874104199313,False,False
2014-01-07 11:00:00,74.06747359999999,0,0.42966255809899234,False,False
2014-01-07 12:00:00,73.85181753,0,0.42986590315558065,False,False
2014-01-07 13:00:00,73.52105745,0,0.4329462459435295,False,False
2014-01-07 14:00:00,75.89900009,0,0.5526089612640761,False,False
2014-01-07 15:00:00,75.83602568,0,0.4399022759468633,False,False
2014-01-07 16:00:00,75.7488075,0,0.4403627358607547,False,False
2014-01-07 17:00:00,77.03472136,0,0.537714353081488,False,False
2014-01-07 18:00:00,75.75358374,0,0.5010986907978828,False,False
2014-01-07 19:00:00,76.37330245,0,0.4994459440426721,False,False
2014-01-07 20:00:00,76.41021209,0,0.4995150813116422,False,False
2014-01-07 21:00:00,76.86214074,0,0.5189827266182978,False,False
2014-01-07 22:00:00,76.37969889,0,0.5061481374908142,False,False
2014-01-07 23:00:00,75.8606675,0,0.4876516652900138,False,False
2014-01-08 00:00:00,75.98763517,0,0.457874384077633,False,False
2014-01-08 01:00:00,75.23598479,0,0.4977686494552163,False,False
2014-01-08 02:00:00,75.71067527,0,0.4941825388857733,False,False
2014-01-08 03:00:00,75.16753331,0,0.4767065745087948,False,False
2014-01-08 04:00:00,74.70772724,0,0.4589147237267126,False,False
2014-01-08 05:00:00,76.07797055,0,0.5118146936028258,False,False
2014-01-08 06:00:00,74.98527003,0,0.4717448550583347,False,False
2014-01-08 07:00:00,74.9606503,0,0.4388653552479059,False,False
2014-01-08 08:00:00,75.33628459999998,0,0.4485502307756094,False,False
2014-01-08 09:00:00,73.55344265,0,0.5060211347565456,False,False
2014-01-08 10:00:00,73.99107759,0,0.42245293834141956,False,False
2014-01-08 11:00:00,74.84672677,0,0.43881978608325556,False,False
2014-01-08 12:00:00,75.07497205,0,0.4266250414529405,False,False
2014-01-08 13:00:00,74.36771562,0,0.43100885818537327,False,False
2014-01-08 14:00:00,75.74259037,0,0.48235654657393184,False,False
2014-01-08 15:00:00,74.87882442,0,0.44418979380907114,False,False
2014-01-08 16:00:00,76.24095087,0,0.48677646317843887,False,False
2014-01-08 17:00:00,75.95860682,0,0.44935553467699313,False,False
2014-01-08 18:00:00,76.37186909,0,0.4592582880875909,False,False
2014-01-08 19:00:00,75.9443031,0,0.45063560081726994,False,False
2014-01-08 20:00:00,75.11146533,0,0.4495868179555574,False,False
2014-01-08 21:00:00,75.15274793,0,0.4274711542038187,False,False
2014-01-08 22:00:00,75.06549983,0,0.43426707585674357,False,False
2014-01-08 23:00:00,74.69714713,0,0.4406827809813816,False,False
2014-01-09 00:00:00,76.19664042,0,0.5034700595530253,False,False
2014-01-09 01:00:00,74.10948331,0,0.5430668794738052,False,False
2014-01-09 02:00:00,74.63482711,0,0.4287066935776553,False,False
2014-01-09 03:00:00,73.51138733,0,0.44382281551289804,False,False
2014-01-09 04:00:00,73.12606794,0,0.43169890045948933,False,False
2014-01-09 05:00:00,74.01271456,0,0.4362879521359841,False,False
2014-01-09 06:00:00,73.86542453,0,0.4116066411239621,False,False
2014-01-09 07:00:00,73.89712719,0,0.4108674309573689,False,False
2014-01-09 08:00:00,74.03537465,0,0.4142351575058464,False,False
2014-01-09 09:00:00,73.72201999,0,0.4150480845777903,False,False
2014-01-09 10:00:00,72.66948077,0,0.4269950602285389,False,False
2014-01-09 11:00:00,72.50391252,0,0.4003600037691445,False,False
2014-01-09 12:00:00,73.95811461,0,0.46477597005981064,False,False
2014-01-09 13:00:00,74.01521745,0,0.41445646488180443,False,False
2014-01-09 14:00:00,74.01596603,0,0.4271992197268398,False,False
2014-01-09 15:00:00,75.4479466,0,0.48500984964010757,False,False
2014-01-09 16:00:00,76.13073887,0,0.460753874154932,False,False
2014-01-09 17:00:00,75.25463596,0,0.4493654452521326,False,False
2014-01-09 18:00:00,75.93286118,0,0.4712250379332685,False,False
2014-01-09 19:00:00,75.59193841,0,0.4663454981913531,False,False
2014-01-09 20:00:00,76.30709504,0,0.4986840203845052,False,False
2014-01-09 21:00:00,77.18425747,0,0.5446941643727535,False,False
2014-01-09 22:00:00,75.64246944,0,0.5365029484330266,False,False
2014-01-09 23:00:00,76.37537373,0,0.4809340484546088,False,False
2014-01-10 00:00:00,74.68720578,0,0.49679198740594743,False,False
2014-01-10 01:00:00,75.18990319,0,0.44589373271882826,False,False
2014-01-10 02:00:00,75.849666,0,0.4600010027172357,False,False
2014-01-10 03:00:00,75.14636897,0,0.4582861793704157,False,False
2014-01-10 04:00:00,73.90081676,0,0.4625099988424368,False,False
2014-01-10 05:00:00,74.73933733,0,0.4469927228231002,False,False
2014-01-10 06:00:00,73.74171083,0,0.4500767712869125,False,False
2014-01-10 07:00:00,74.46143239,0,0.44566542420615063,False,False
2014-01-10 08:00:00,73.4840964,0,0.4595163026132391,False,False
2014-01-10 09:00:00,73.03863545,0,0.42077005096069037,False,False
2014-01-10 10:00:00,74.07519737,0,0.44029892753221045,False,False
2014-01-10 11:00:00,72.93006063,0,0.4295867401588404,False,False
2014-01-10 12:00:00,73.18888994,0,0.40768303121473665,False,False
2014-01-10 13:00:00,73.95558633,0,0.42197921934476457,False,False
2014-01-10 14:00:00,75.22775409,0,0.4688816453359157,False,False
2014-01-10 15:00:00,75.05332699,0,0.4219887087405225,False,False
2014-01-10 16:00:00,75.36510048,0,0.4365742228659405,False,False
2014-01-10 17:00:00,76.11231412,0,0.4651224998362351,False,False
2014-01-10 18:00:00,75.58706498,0,0.4577204778683639,False,False
2014-01-10 19:00:00,76.06972961,0,0.47468395077545494,False,False
2014-01-10 20:00:00,75.32744105,0,0.463222219510942,False,False
2014-01-10 21:00:00,76.06533695,0,0.4722379947238198,False,False
2014-01-10 22:00:00,75.66969997,0,0.4643816161626515,False,False
2014-01-10 23:00:00,76.2727697,0,0.4588303063699178,False,False
2014-01-11 00:00:00,75.50606319,0,0.46535088030907923,False,False
2014-01-11 01:00:00,75.37971925,0,0.49515977020045493,False,False
2014-01-11 02:00:00,74.86435121,0,0.4962486886033193,False,False
2014-01-11 03:00:00,75.92346681,0,0.5282266507741865,False,False
2014-01-11 04:00:00,75.81348126,0,0.499481448091523,False,False
2014-01-11 05:00:00,75.53701836,0,0.5051200525287767,False,False
2014-01-11 06:00:00,74.23671001,0,0.49386272495889627,False,False
2014-01-11 07:00:00,75.16424971,0,0.4817133613588373,False,False
2014-01-11 08:00:00,74.30239478,0,0.4515593523458047,False,False
2014-01-11 09:00:00,74.59790374,0,0.4371527656234171,False,False
2014-01-11 10:00:00,73.58871356,0,0.4441131194743629,False,False
2014-01-11 11:00:00,73.01315859,0,0.42308457672304195,False,False
2014-01-11 12:00:00,72.58458265,0,0.43553984632645765,False,False
2014-01-11 13:00:00,73.95143473,0,0.47248467856503973,False,False
2014-01-11 14:00:00,73.97461465,0,0.41955919749987747,False,False
2014-01-11 15:00:00,74.56884896,0,0.4174571536914072,False,False
2014-01-11 16:00:00,75.03613111,0,0.4207768787255436,False,False
2014-01-11 17:00:00,75.56055848,0,0.4386575334921992,False,False
2014-01-11 18:00:00,75.62240148,0,0.4374215102919703,False,False
2014-01-11 19:00:00,77.67158003,0,0.5987391379137853,False,False
2014-01-11 20:00:00,77.56623639,0,0.5504189174291337,False,False
2014-01-11 21:00:00,77.61657097,0,0.5733791403147019,False,False
2014-01-11 22:00:00,77.69091215,0,0.5849963886433298,False,False
2014-01-11 23:00:00,77.65642064,0,0.5827346690267973,False,False
2014-01-12 00:00:00,76.58082694,0,0.5624152028032756,False,False
2014-01-12 01:00:00,76.82821008,0,0.5490020134174516,False,False
2014-01-12 02:00:00,77.44683206,0,0.5751227858348308,False,False
2014-01-12 03:00:00,77.63174648,0,0.5673856443172017,False,False
2014-01-12 04:00:00,76.76049719,0,0.5419369436743356,False,False
2014-01-12 05:00:00,76.10329035,0,0.5206050646563152,False,False
2014-01-12 06:00:00,75.93474711,0,0.5109898477249459,False,False
2014-01-12 07:00:00,76.39983542,0,0.527221255195029,False,False
2014-01-12 08:00:00,75.07645543,0,0.5208218356548395,False,False
2014-01-12 09:00:00,76.25156678,0,0.5280552510231377,False,False
2014-01-12 10:00:00,75.59060727,0,0.48528043904369583,False,False
2014-01-12 11:00:00,75.83963106,0,0.46315460398918934,False,False
2014-01-12 12:00:00,75.22056579999997,0,0.4684843150869965,False,False
2014-01-12 13:00:00,74.85866283,0,0.45999354289128963,False,False
2014-01-12 14:00:00,75.53354519,0,0.45679265751257436,False,False
2014-01-12 15:00:00,75.71749619,0,0.4697838562855587,False,False
2014-01-12 16:00:00,77.69659197,0,0.574701025124363,False,False
2014-01-12 17:00:00,78.08214012,0,0.5428736382950156,False,False
2014-01-12 18:00:00,78.95522712,0,0.5909259021560449,False,True
2014-01-12 19:00:00,79.64623758,0,0.609573101625779,False,True
2014-01-12 20:00:00,81.37618811,0,0.671936072259709,True,True
2014-01-12 21:00:00,80.96947535,0,0.670216553543,True,True
2014-01-12 22:00:00,80.30864114,0,0.6789877465928156,True,True
2014-01-12 23:00:00,80.18657579,0,0.6704039822358134,True,True
2014-01-13 00:00:00,78.47491514,0,0.6919379746413848,True,False
2014-01-13 01:00:00,78.96162765,0,0.648117072474462,True,True
2014-01-13 02:00:00,79.1300713,0,0.6275939315869438,True,True
2014-01-13 03:00:00,78.39635208,0,0.6242438793171872,True,False
2014-01-13 04:00:00,79.85480600000002,0,0.6356669841823792,True,True
2014-01-13 05:00:00,77.98583629,0,0.6556447257462819,True,False
2014-01-13 06:00:00,78.35432954,0,0.6194282033088352,False,False
2014-01-13 07:00:00,78.66812563,0,0.6185290099224909,False,True
2014-01-13 08:00:00,79.03360146,0,0.6151751234792857,False,True
2014-01-13 09:00:00,77.31328955,0,0.6204394796589481,True,False
2014-01-13 10:00:00,77.73451371,0,0.591243400915603,False,False
2014-01-13 11:00:00,77.69436304,0,0.57904825475481,False,False
2014-01-13 12:00:00,77.79754628,0,0.5872551456130689,False,False
2014-01-13 13:00:00,77.22909454,0,0.5780121209860551,False,False
2014-01-13 14:00:00,78.35433755,0,0.6103874131050664,False,False
2014-01-13 15:00:00,78.03170789,0,0.5918785953367536,False,False
2014-01-13 16:00:00,76.63660126,0,0.5863178269669622,False,False
2014-01-13 17:00:00,76.57220626,0,0.5347308334677559,False,False
2014-01-13 18:00:00,77.76546817,0,0.6064027637846174,False,False
2014-01-13 19:00:00,77.38246298,0,0.5779759596793761,False,False
2014-01-13 20:00:00,76.69839827,0,0.5657495544817219,False,False
2014-01-13 21:00:00,76.3966038,0,0.5425183094345086,False,False
2014-01-13 22:00:00,78.2430965,0,0.6287462931470796,True,False
2014-01-13 23:00:00,77.18014447,0,0.5814045762918912,False,False
2014-01-14 00:00:00,76.98731733,0,0.5490967408078389,False,False
2014-01-14 01:00:00,76.802564,0,0.5450650084970452,False,False
2014-01-14 02:00:00,78.04845667,0,0.6096612814949728,False,False
2014-01-14 03:00:00,78.30808931,0,0.5848606733524362,False,False
2014-01-14 04:00:00,78.56024461,0,0.5872270098399295,False,False
2014-01-14 05:00:00,78.00986597,0,0.5902485356583158,False,False
2014-01-14 06:00:00,77.74735738,0,0.5820613323659446,False,False
2014-01-14 07:00:00,76.56851354,0,0.5592879855153746,False,False
2014-01-14 08:00:00,76.57631974,0,0.5326891685687932,False,False
2014-01-14 09:00:00,76.29506325,0,0.5351134399804973,False,False
2014-01-14 10:00:00,76.91856774,0,0.5524408586053459,False,False
2014-01-14 11:00:00,77.35300179999999,0,0.5688929866434363,False,False
2014-01-14 12:00:00,76.69395845,0,0.542699115229219,False,False
2014-01-14 13:00:00,76.79314078,0,0.5394865605857283,False,False
2014-01-14 14:00:00,76.78184988,0,0.5376594079487268,False,False
2014-01-14 15:00:00,76.58378687,0,0.5221639172717363,False,False
2014-01-14 16:00:00,75.29365403,0,0.5216250852934694,False,False
2014-01-14 17:00:00,77.08526779,0,0.5911233235348243,False,False
2014-01-14 18:00:00,77.16331386,0,0.5512699399175404,False,False
2014-01-14 19:00:00,76.08578513,0,0.5424743913945462,False,False
2014-01-14 20:00:00,76.26928873,0,0.5165586197718846,False,False
2014-01-14 21:00:00,76.76325951,0,0.5450549237751237,False,False
2014-01-14 22:00:00,75.47553688,0,0.522866018503642,False,False
2014-01-14 23:00:00,75.0534243,0,0.4686725969874305,False,False
2014-01-15 00:00:00,75.69341909,0,0.4672411638145656,False,False
2014-01-15 01:00:00,74.84655904,0,0.4730836190540974,False,False
2014-01-15 02:00:00,74.60828148,0,0.44994453566233583,False,False
2014-01-15 03:00:00,75.23334924,0,0.4520870849051185,False,False
2014-01-15 04:00:00,74.76757914,0,0.4537839206987856,False,False
2014-01-15 05:00:00,74.32699919,0,0.43766737710823117,False,False
2014-01-15 06:00:00,72.97529237,0,0.45894037829189843,False,False
2014-01-15 07:00:00,73.30416843,0,0.4355854090311599,False,False
2014-01-15 08:00:00,73.38232286,0,0.42727544085573366,False,False
2014-01-15 09:00:00,74.58791578,0,0.4462237399997825,False,False
2014-01-15 10:00:00,72.9067279,0,0.47066693964877404,False,False
2014-01-15 11:00:00,74.15335692,0,0.44487530564454203,False,False
2014-01-15 12:00:00,74.15977548,0,0.40479747656599785,False,False
2014-01-15 13:00:00,75.48000267,0,0.47373009027057067,False,False
2014-01-15 14:00:00,74.94602944,0,0.4275040514501055,False,False
2014-01-15 15:00:00,74.36597865,0,0.4174907111405876,False,False
2014-01-15 16:00:00,75.40107507,0,0.4554491645780282,False,False
2014-01-15 17:00:00,76.43324294,0,0.49837026399130907,False,False
2014-01-15 18:00:00,76.76879953,0,0.49900803931712034,False,False
2014-01-15 19:00:00,75.42099851,0,0.4921927854111052,False,False
2014-01-15 20:00:00,75.04376408,0,0.4393485593628962,False,False
2014-01-15 21:00:00,75.14537633,0,0.43635139016674585,False,False
2014-01-15 22:00:00,75.26255156,0,0.43197518155650494,False,False
2014-01-15 23:00:00,75.35976422,0,0.4323773143761099,False,False
2014-01-16 00:00:00,75.45234139,0,0.44334509884873174,False,False
2014-01-16 01:00:00,73.94180609,0,0.48116631679060845,False,False
2014-01-16 02:00:00,75.00647379,0,0.45644679455770487,False,False
2014-01-16 03:00:00,74.33106778,0,0.437785531900421,False,False
2014-01-16 04:00:00,74.87396446,0,0.43276905924014486,False,False
2014-01-16 05:00:00,73.3379579,0,0.4695139036478363,False,False
2014-01-16 06:00:00,72.80256039,0,0.41973979600101147,False,False
2014-01-16 07:00:00,73.66597073,0,0.43225576321880277,False,False
2014-01-16 08:00:00,73.87172516,0,0.4143821547433725,False,False
2014-01-16 09:00:00,73.27324959,0,0.4139548325755622,False,False
2014-01-16 10:00:00,72.72014324,0,0.4081423001080591,False,False
2014-01-16 11:00:00,74.17992104,0,0.45196730295074394,False,False
2014-01-16 12:00:00,74.15880306,0,0.4052617735370826,False,False
2014-01-16 13:00:00,75.59329179999997,0,0.4795966697098361,False,False
2014-01-16 14:00:00,75.41968933,0,0.43499186892102043,False,False
2014-01-16 15:00:00,74.53134496,0,0.4239833644450693,False,False
2014-01-16 16:00:00,74.44982256,0,0.40432414811804196,False,False
2014-01-16 17:00:00,75.434016,0,0.45786055209100124,False,False
2014-01-16 18:00:00,75.62950104,0,0.4386214785782238,False,False
2014-01-16 19:00:00,75.34933235,0,0.43544329642772783,False,False
2014-01-16 20:00:00,75.201389,0,0.425973134172203,False,False
2014-01-16 21:00:00,75.40868152,0,0.4269941878309623,False,False
2014-01-16 22:00:00,75.11984946,0,0.45484373717391297,False,False
2014-01-16 23:00:00,74.38931293,0,0.4656550594204649,False,False
2014-01-17 00:00:00,74.69809723,0,0.47837064607621615,False,False
2014-01-17 01:00:00,75.18846342,0,0.49031306715181333,False,False
2014-01-17 02:00:00,74.45343886,0,0.48786121038026,False,False
2014-01-17 03:00:00,74.67691315,0,0.4766431931540554,False,False
2014-01-17 04:00:00,73.41217429,0,0.4630563761475277,False,False
2014-01-17 05:00:00,72.83454005,0,0.42231564193765175,False,False
2014-01-17 06:00:00,73.5939262,0,0.43329406495863865,False,False
2014-01-17 07:00:00,72.76406621,0,0.4231883750943245,False,False
2014-01-17 08:00:00,72.68778157,0,0.3994006872663696,False,False
2014-01-17 09:00:00,73.37875182,0,0.4138585491847361,False,False
2014-01-17 10:00:00,72.06183623,0,0.42802668117217635,False,False
2014-01-17 11:00:00,72.86400869,0,0.4126405380546418,False,False
2014-01-17 12:00:00,74.31198445,0,0.45085542800555906,False,False
2014-01-17 13:00:00,73.92421104,0,0.40689497802445984,False,False
2014-01-17 14:00:00,73.6834725,0,0.4052661117305374,False,False
2014-01-17 15:00:00,73.71034271,0,0.41191721626627514,False,False
2014-01-17 16:00:00,73.515123,0,0.41188168539864406,False,False
2014-01-17 17:00:00,74.65384045,0,0.4459511063523189,False,False
2014-01-17 18:00:00,74.59773769,0,0.4082150000814554,False,False
2014-01-17 19:00:00,74.96277198,0,0.4164585424474525,False,False
2014-01-17 20:00:00,74.62437982,0,0.41844722591276834,False,False
2014-01-17 21:00:00,73.58807814,0,0.42499697379466783,False,False
2014-01-17 22:00:00,74.27463197,0,0.43495804150658135,False,False
2014-01-17 23:00:00,73.46593712,0,0.45227573792118436,False,False
2014-01-18 00:00:00,73.37697331,0,0.4289328463303642,False,False
2014-01-18 01:00:00,74.28679774,0,0.4570751929326561,False,False
2014-01-18 02:00:00,74.60507656,0,0.4411324546636465,False,False
2014-01-18 03:00:00,73.56215036,0,0.4544428931338458,False,False
2014-01-18 04:00:00,74.11232577,0,0.4473260715170391,False,False
2014-01-18 05:00:00,73.97053959,0,0.43567198684002695,False,False
2014-01-18 06:00:00,72.77785049,0,0.4415518925689639,False,False
2014-01-18 07:00:00,72.57867332,0,0.40859040494435717,False,False
2014-01-18 08:00:00,73.50341351,0,0.4397887494877246,False,False
2014-01-18 09:00:00,73.17997554,0,0.41352651595656303,False,False
2014-01-18 10:00:00,73.07969608,0,0.41331575540256016,False,False
2014-01-18 11:00:00,72.86778282,0,0.4030250780784328,False,False
2014-01-18 12:00:00,72.97978227,0,0.40186216442836714,False,False
2014-01-18 13:00:00,72.06864306,0,0.4186182550177918,False,False
2014-01-18 14:00:00,73.46915696,0,0.4769718368564061,False,False
2014-01-18 15:00:00,72.73501198,0,0.43333502043657446,False,False
2014-01-18 16:00:00,73.06122541,0,0.44003652458647463,False,False
2014-01-18 17:00:00,73.9831845,0,0.46517586477418976,False,False
2014-01-18 18:00:00,74.44162889,0,0.42627019502461005,False,False
2014-01-18 19:00:00,74.04541228,0,0.4179378021752546,False,False
2014-01-18 20:00:00,74.99423532,0,0.43849412251193975,False,False
2014-01-18 21:00:00,76.25032982,0,0.5090306569146105,False,False
2014-01-18 22:00:00,75.29434003,0,0.4724915071503895,False,False
2014-01-18 23:00:00,74.45046834,0,0.4469574161254938,False,False
2014-01-19 00:00:00,75.03906858,0,0.4499753827011803,False,False
2014-01-19 01:00:00,75.11973678,0,0.4318639113455262,False,False
2014-01-19 02:00:00,73.60403299,0,0.46069472797221,False,False
2014-01-19 03:00:00,73.44321638,0,0.41386007661413404,False,False
2014-01-19 04:00:00,73.43418914,0,0.41254224094195546,False,False
2014-01-19 05:00:00,73.23859587,0,0.41588964097882003,False,False
2014-01-19 06:00:00,73.7150373,0,0.4170713451738603,False,False
2014-01-19 07:00:00,73.89335646,0,0.4153959211524085,False,False
2014-01-19 08:00:00,73.87424506,0,0.407549840180191,False,False
2014-01-19 09:00:00,72.96073809,0,0.4246020583572408,False,False
2014-01-19 10:00:00,72.61113449999998,0,0.4052929668062366,False,False
2014-01-19 11:00:00,71.38831163,0,0.427858671535421,False,False
2014-01-19 12:00:00,72.09667227,0,0.40819594738631554,False,False
2014-01-19 13:00:00,72.43175322,0,0.39994040463812963,False,False
2014-01-19 14:00:00,73.43453663,0,0.4288032498037762,False,False
2014-01-19 15:00:00,71.85172628,0,0.4489792836312135,False,False
2014-01-19 16:00:00,73.33181218,0,0.44901093151868204,False,False
2014-01-19 17:00:00,73.98179005,0,0.40674973550286025,False,False
2014-01-19 18:00:00,75.60339242,0,0.5077091183606327,False,False
2014-01-19 19:00:00,74.84669634,0,0.4499100374733318,False,False
2014-01-19 20:00:00,75.66432669,0,0.4808308495629933,False,False
2014-01-19 21:00:00,75.41398766,0,0.47119333422893234,False,False
2014-01-19 22:00:00,75.62691835,0,0.4903207344989345,False,False
2014-01-19 23:00:00,76.12839652,0,0.5014282225070391,False,False
2014-01-20 00:00:00,75.24374402,0,0.48269038524928504,False,False
2014-01-20 01:00:00,74.25000295,0,0.4566095467341181,False,False
2014-01-20 02:00:00,74.76520353,0,0.447812280101193,False,False
2014-01-20 03:00:00,74.88412726,0,0.4245604765772019,False,False
2014-01-20 04:00:00,74.70121296,0,0.4284415613604291,False,False
2014-01-20 05:00:00,73.93681762,0,0.44178129767988533,False,False
2014-01-20 06:00:00,74.25651103,0,0.42300002885960863,False,False
2014-01-20 07:00:00,73.57337828,0,0.42665180009036435,False,False
2014-01-20 08:00:00,72.94924405,0,0.4197450228685835,False,False
2014-01-20 09:00:00,73.73581362,0,0.4297664656626535,False,False
2014-01-20 10:00:00,73.57616849,0,0.4113454037933655,False,False
2014-01-20 11:00:00,73.09497078,0,0.41318869746421594,False,False
2014-01-20 12:00:00,74.97348441,0,0.5000353113789922,False,False
2014-01-20 13:00:00,74.48410538,0,0.42072533029999204,False,False
2014-01-20 14:00:00,74.37005879,0,0.4104905702602559,False,False
2014-01-20 15:00:00,74.89437525,0,0.42555662337969213,False,False
2014-01-20 16:00:00,75.36858942,0,0.436381709731003,False,False
2014-01-20 17:00:00,75.51543606,0,0.43684643347951646,False,False
2014-01-20 18:00:00,75.93149966,0,0.44764195159233533,False,False
2014-01-20 19:00:00,76.80408083,0,0.5074011373311352,False,False
2014-01-20 20:00:00,76.08022555,0,0.4786530974127089,False,False
2014-01-20 21:00:00,74.81338988,0,0.46529560207153353,False,False
2014-01-20 22:00:00,75.92940133,0,0.47544013856356593,False,False
2014-01-20 23:00:00,75.50636120000001,0,0.4422969454656669,False,False
2014-01-21 00:00:00,74.14574816,0,0.4749064278417841,False,False
2014-01-21 01:00:00,74.86999088,0,0.4414425755046069,False,False
2014-01-21 02:00:00,75.32625215,0,0.4432822463492844,False,False
2014-01-21 03:00:00,73.74854939,0,0.4795771990855413,False,False
2014-01-21 04:00:00,74.07036021,0,0.427062693933168,False,False
2014-01-21 05:00:00,74.04524108,0,0.41640883187896177,False,False
2014-01-21 06:00:00,74.05595233,0,0.41224936571515114,False,False
2014-01-21 07:00:00,74.2393244,0,0.4143952889220482,False,False
2014-01-21 08:00:00,73.90532239,0,0.4173999377183508,False,False
2014-01-21 09:00:00,73.53187021,0,0.419000111191236,False,False
2014-01-21 10:00:00,73.96226531,0,0.42989408095009746,False,False
2014-01-21 11:00:00,73.20525326,0,0.44683495294114584,False,False
2014-01-21 12:00:00,74.60467618,0,0.4894386017778911,False,False
2014-01-21 13:00:00,74.24149076,0,0.4419820074465219,False,False
2014-01-21 14:00:00,75.28123022,0,0.49303013061569895,False,False
2014-01-21 15:00:00,74.40222479,0,0.46155983471747514,False,False
2014-01-21 16:00:00,74.19210633,0,0.43693556848045323,False,False
2014-01-21 17:00:00,75.87886303,0,0.5079009987534383,False,False
2014-01-21 18:00:00,75.23863029,0,0.4420018689658299,False,False
2014-01-21 19:00:00,74.96873237,0,0.42958016816927763,False,False
2014-01-21 20:00:00,76.10793148,0,0.4732432519112814,False,False
2014-01-21 21:00:00,75.36131634,0,0.4435603180029803,False,False
2014-01-21 22:00:00,75.90263465,0,0.4366168124304556,False,False
2014-01-21 23:00:00,75.50472037,0,0.4423084435151299,False,False
2014-01-22 00:00:00,74.28022956,0,0.4542697191602806,False,False
2014-01-22 01:00:00,72.97203667,0,0.45054535097934134,False,False
2014-01-22 02:00:00,72.67511800000003,0,0.43932947289413093,False,False
2014-01-22 03:00:00,73.47639463,0,0.4583756945287604,False,False
2014-01-22 04:00:00,73.39614473,0,0.4418121804078771,False,False
2014-01-22 05:00:00,72.10091024,0,0.4729962940670759,False,False
2014-01-22 06:00:00,71.8777649,0,0.4577050048729641,False,False
2014-01-22 07:00:00,72.55737568,0,0.45633705401954905,False,False
2014-01-22 08:00:00,72.98505223,0,0.42784560365614877,False,False
2014-01-22 09:00:00,73.73262672,0,0.4310077341287246,False,False
2014-01-22 10:00:00,72.69930722,0,0.41207451591859795,False,False
2014-01-22 11:00:00,73.01882828,0,0.4050251057466867,False,False
2014-01-22 12:00:00,72.80921712,0,0.42433202022729605,False,False
2014-01-22 13:00:00,73.65716599,0,0.4415449457717635,False,False
2014-01-22 14:00:00,74.68008894,0,0.4376348738521703,False,False
2014-01-22 15:00:00,74.65383035,0,0.409624997105449,False,False
2014-01-22 16:00:00,73.90375633,0,0.41175764069644266,False,False
2014-01-22 17:00:00,74.95962081,0,0.4395060254179838,False,False
2014-01-22 18:00:00,74.72151271,0,0.41372068648128923,False,False
2014-01-22 19:00:00,76.1127814,0,0.5006663240047609,False,False
2014-01-22 20:00:00,76.27976034,0,0.47978102467076117,False,False
2014-01-22 21:00:00,75.43044158,0,0.4729363050816839,False,False
2014-01-22 22:00:00,74.81221712,0,0.4462921182377118,False,False
2014-01-22 23:00:00,75.29112173,0,0.43265455770272115,False,False
2014-01-23 00:00:00,74.11805047,0,0.4465504942698144,False,False
2014-01-23 01:00:00,73.08506057,0,0.43596581210090385,False,False
2014-01-23 02:00:00,73.71635914,0,0.42210596219840085,False,False
2014-01-23 03:00:00,72.75477351,0,0.4538111322721777,False,False
2014-01-23 04:00:00,73.06979399999999,0,0.44492718352971916,False,False
2014-01-23 05:00:00,73.43277483,0,0.4432940093921894,False,False
2014-01-23 06:00:00,72.12848145,0,0.4654500135304643,False,False
2014-01-23 07:00:00,72.30633866,0,0.4292796990278289,False,False
2014-01-23 08:00:00,72.55350882,0,0.41216272318031366,False,False
2014-01-23 09:00:00,72.43365278,0,0.3933907439646205,False,False
2014-01-23 10:00:00,72.16028829999998,0,0.3989583819933888,False,False
2014-01-23 11:00:00,71.87997676,0,0.40677997724768006,False,False
2014-01-23 12:00:00,72.30469043,0,0.42928874186885807,False,False
2014-01-23 13:00:00,72.90140272,0,0.42985569214109154,False,False
2014-01-23 14:00:00,73.52178365,0,0.4459611112467395,False,False
2014-01-23 15:00:00,74.33549357,0,0.42735913990001095,False,False
2014-01-23 16:00:00,75.39468245,0,0.46146023611351966,False,False
2014-01-23 17:00:00,74.07597525,0,0.44363304507310714,False,False
2014-01-23 18:00:00,75.35896953,0,0.4962432362473691,False,False
2014-01-23 19:00:00,76.20885954,0,0.5030546963581292,False,False
2014-01-23 20:00:00,75.47638239,0,0.4899345405543076,False,False
2014-01-23 21:00:00,74.560063,0,0.47495740575850215,False,False
2014-01-23 22:00:00,74.52753611,0,0.4390702442976946,False,False
2014-01-23 23:00:00,73.71689559999999,0,0.4420041231015735,False,False
2014-01-24 00:00:00,73.90866358,0,0.4170145655800791,False,False
2014-01-24 01:00:00,74.09748437,0,0.4135917180224241,False,False
2014-01-24 02:00:00,73.87374575,0,0.4169516026948515,False,False
2014-01-24 03:00:00,73.74883976,0,0.4148019114389432,False,False
2014-01-24 04:00:00,72.9320447,0,0.42382321779338183,False,False
2014-01-24 05:00:00,73.49330934,0,0.41984038735835266,False,False
2014-01-24 06:00:00,73.66155176,0,0.40497465610752836,False,False
2014-01-24 07:00:00,73.62855627,0,0.41125401765690245,False,False
2014-01-24 08:00:00,73.16522286,0,0.45040427593255716,False,False
2014-01-24 09:00:00,72.7479508,0,0.4361117148211296,False,False
2014-01-24 10:00:00,73.56592026,0,0.4752442109388025,False,False
2014-01-24 11:00:00,71.75263157,0,0.48963976239877344,False,False
2014-01-24 12:00:00,73.18039611,0,0.4594345407265783,False,False
2014-01-24 13:00:00,73.92384,0,0.43461709329938786,False,False
2014-01-24 14:00:00,73.80439905,0,0.4223325620784687,False,False
2014-01-24 15:00:00,73.73073979,0,0.4188075351889367,False,False
2014-01-24 16:00:00,73.80911621,0,0.4217280493685844,False,False
2014-01-24 17:00:00,73.53212237,0,0.42269648646902475,False,False
2014-01-24 18:00:00,75.18577049,0,0.48601206250855594,False,False
2014-01-24 19:00:00,75.01261659,0,0.415463110462176,False,False
2014-01-24 20:00:00,75.04608932,0,0.4221184430161743,False,False
2014-01-24 21:00:00,73.33607329,0,0.4609117785634776,False,False
2014-01-24 22:00:00,73.1043253,0,0.40116631243414586,False,False
2014-01-24 23:00:00,74.10360046,0,0.4374367614550977,False,False
2014-01-25 00:00:00,73.78519774,0,0.41750798732689576,False,False
2014-01-25 01:00:00,71.71663594,0,0.506238850206317,False,False
2014-01-25 02:00:00,72.13397159,0,0.4143818141332587,False,False
2014-01-25 03:00:00,71.51253422,0,0.4245297537300756,False,False
2014-01-25 04:00:00,72.46607477,0,0.440315301248167,False,False
2014-01-25 05:00:00,70.94402108,0,0.4856286095731508,False,False
2014-01-25 06:00:00,72.61890668,0,0.4782551835877609,False,False
2014-01-25 07:00:00,70.73076574,0,0.4995350602159198,False,False
2014-01-25 08:00:00,72.48740311,0,0.4621066080595628,False,False
2014-01-25 09:00:00,70.83079397,0,0.45324311721033417,False,False
2014-01-25 10:00:00,71.04843529,0,0.3984220377933941,False,False
2014-01-25 11:00:00,70.71591042,0,0.39945149630508886,False,False
2014-01-25 12:00:00,70.79152507,0,0.3966059918414859,False,False
2014-01-25 13:00:00,70.65705161,0,0.3975481810997538,False,False
2014-01-25 14:00:00,71.61997893,0,0.42151475180665365,False,False
2014-01-25 15:00:00,71.01293809,0,0.4007370908167529,False,False
2014-01-25 16:00:00,71.73672317,0,0.41459347378577033,False,False
2014-01-25 17:00:00,72.73172553,0,0.4258787205892976,False,False
2014-01-25 18:00:00,71.46886416,0,0.4334876941933773,False,False
2014-01-25 19:00:00,71.86085423,0,0.4065524164209485,False,False
2014-01-25 20:00:00,73.11208905,0,0.4395399215770384,False,False
2014-01-25 21:00:00,72.20025328,0,0.4168041506994147,False,False
2014-01-25 22:00:00,72.23507842,0,0.3988233056910862,False,False
2014-01-25 23:00:00,72.0287567,0,0.3995787443298161,False,False
2014-01-26 00:00:00,71.82552414,0,0.406573703805188,False,False
2014-01-26 01:00:00,72.33922968,0,0.4248358437931627,False,False
2014-01-26 02:00:00,71.85635252,0,0.42843988963414353,False,False
2014-01-26 03:00:00,70.5453744,0,0.44094450407021224,False,False
2014-01-26 04:00:00,70.37989579,0,0.40489888879791036,False,False
2014-01-26 05:00:00,70.37604173,0,0.3976190484990086,False,False
2014-01-26 06:00:00,70.77914323,0,0.39843551388140175,False,False
2014-01-26 07:00:00,70.19317971,0,0.3993304820880191,False,False
2014-01-26 08:00:00,70.24674398,0,0.3937271707446381,False,False
2014-01-26 09:00:00,71.35010374,0,0.42786477298438574,False,False
2014-01-26 10:00:00,69.99332028,0,0.44128224572915437,False,False
2014-01-26 11:00:00,71.14020035,0,0.43733131677627474,False,False
2014-01-26 12:00:00,69.67929351,0,0.4549773063685803,False,False
2014-01-26 13:00:00,69.35287097,0,0.42510416620875574,False,False
2014-01-26 14:00:00,70.07391138,0,0.43813565242243974,False,False
2014-01-26 15:00:00,70.16723295,0,0.4300835213272144,False,False
2014-01-26 16:00:00,70.29923518,0,0.42811992689777356,False,False
2014-01-26 17:00:00,70.53565511,0,0.4299938382694469,False,False
2014-01-26 18:00:00,71.79430755,0,0.45406519453634914,False,False
2014-01-26 19:00:00,71.82889986,0,0.4099675302180805,False,False
2014-01-26 20:00:00,72.54095975,0,0.41050156761355355,False,False
2014-01-26 21:00:00,71.58480523,0,0.4163279194544029,False,False
2014-01-26 22:00:00,73.13032124,0,0.4633811938773281,False,False
2014-01-26 23:00:00,72.19137711,0,0.42137074217794257,False,False
2014-01-27 00:00:00,72.69299224,0,0.40751073940153865,False,False
2014-01-27 01:00:00,72.52594748,0,0.40102265392333075,False,False
2014-01-27 02:00:00,72.1202739,0,0.39678660671388627,False,False
2014-01-27 03:00:00,71.63100933,0,0.4014931217502244,False,False
2014-01-27 04:00:00,72.32810907,0,0.4121351942791399,False,False
2014-01-27 05:00:00,71.35093709,0,0.4540024920824944,False,False
2014-01-27 06:00:00,72.35543488,0,0.4543321995028868,False,False
2014-01-27 07:00:00,72.9372165,0,0.42849770779198515,False,False
2014-01-27 08:00:00,71.70966262,0,0.4561291095398154,False,False
2014-01-27 09:00:00,72.032484,0,0.43220601304891526,False,False
2014-01-27 10:00:00,72.49053701,0,0.43958024023107656,False,False
2014-01-27 11:00:00,71.89054985,0,0.4428275374556973,False,False
2014-01-27 12:00:00,71.26701803,0,0.4370709015115362,False,False
2014-01-27 13:00:00,74.46663598,0,0.5238881838159687,False,False
2014-01-27 14:00:00,72.22220945,0,0.4969537672173728,False,False
2014-01-27 15:00:00,73.72378953,0,0.44881558720426146,False,False
2014-01-27 16:00:00,73.22172217,0,0.4034129747083603,False,False
2014-01-27 17:00:00,73.98717586,0,0.41279073835311464,False,False
2014-01-27 18:00:00,73.03814208,0,0.41682943568514924,False,False
2014-01-27 19:00:00,73.32673418,0,0.39855312773665674,False,False
2014-01-27 20:00:00,74.66952758,0,0.4632946976722514,False,False
2014-01-27 21:00:00,74.79814747,0,0.4322492601948609,False,False
2014-01-27 22:00:00,73.00862053,0,0.4867881838999178,False,False
2014-01-27 23:00:00,72.03939489,0,0.4267528110604932,False,False
2014-01-28 00:00:00,72.84926503,0,0.4070492852424833,False,False
2014-01-28 01:00:00,72.21653075,0,0.40119137953766343,False,False
2014-01-28 02:00:00,72.82207234,0,0.39999479519080616,False,False
2014-01-28 03:00:00,72.13937972,0,0.40287973978359376,False,False
2014-01-28 04:00:00,71.41855654,0,0.40915630991231156,False,False
2014-01-28 05:00:00,72.13106037,0,0.40427530385866534,False,False
2014-01-28 06:00:00,70.30742259,0,0.4969633897315832,False,False
2014-01-28 07:00:00,71.29753092,0,0.4307022990390377,False,False
2014-01-28 08:00:00,70.73465105,0,0.40836011214802526,False,False
2014-01-28 09:00:00,70.97773483,0,0.3942182281788331,False,False
2014-01-28 10:00:00,71.29569485,0,0.40231068163490113,False,False
2014-01-28 11:00:00,70.86865163,0,0.4004231057445638,False,False
2014-01-28 12:00:00,71.13147563,0,0.4011857923932099,False,False
2014-01-28 13:00:00,71.26149539,0,0.40357949791746234,False,False
2014-01-28 14:00:00,71.94856019,0,0.4254833668827457,False,False
2014-01-28 15:00:00,73.39954311,0,0.4523266323865531,False,False
2014-01-28 16:00:00,72.71250801,0,0.4095115704759119,False,False
2014-01-28 17:00:00,72.77672232,0,0.3942557206378861,False,False
2014-01-28 18:00:00,72.35599271,0,0.4019972971763774,False,False
2014-01-28 19:00:00,73.15618385,0,0.41544568895324996,False,False
2014-01-28 20:00:00,73.63572063,0,0.4072964269947911,False,False
2014-01-28 21:00:00,72.21822025,0,0.42696500905897106,False,False
2014-01-28 22:00:00,73.09245779,0,0.40845661897748897,False,False
2014-01-28 23:00:00,72.11831496,0,0.4162422878128854,False,False
2014-01-29 00:00:00,71.42071144,0,0.40797547909427057,False,False
2014-01-29 01:00:00,70.56138073,0,0.40860576476847,False,False
2014-01-29 02:00:00,71.67378573,0,0.42000811743157807,False,False
2014-01-29 03:00:00,70.69482748,0,0.41123258966648135,False,False
2014-01-29 04:00:00,71.05763613,0,0.39757734511178006,False,False
2014-01-29 05:00:00,69.64124933,0,0.4497332218080928,False,False
2014-01-29 06:00:00,69.98065226,0,0.41304661016509014,False,False
2014-01-29 07:00:00,69.64774646,0,0.41715834838494226,False,False
2014-01-29 08:00:00,68.90916513,0,0.42777146877101174,False,False
2014-01-29 09:00:00,68.87238795,0,0.42023235677245835,False,False
2014-01-29 10:00:00,69.78818855,0,0.4243200088935592,False,False
2014-01-29 11:00:00,71.12277947,0,0.4349213647380007,False,False
2014-01-29 12:00:00,69.26547487,0,0.49374075869836315,False,False
2014-01-29 13:00:00,69.4026087,0,0.4075408951012743,False,False
2014-01-29 14:00:00,70.83920046,0,0.45409201516404557,False,False
2014-01-29 15:00:00,69.3426551,0,0.4702577856681664,False,False
2014-01-29 16:00:00,70.48650218,0,0.4510921130187424,False,False
2014-01-29 17:00:00,71.05859214,0,0.41958370735238976,False,False
2014-01-29 18:00:00,72.61395853,0,0.4628712205989761,False,False
2014-01-29 19:00:00,72.86434604,0,0.42337860492106727,False,False
2014-01-29 20:00:00,72.37767629,0,0.4270573118039927,False,False
2014-01-29 21:00:00,71.96930019,0,0.4168318057548931,False,False
2014-01-29 22:00:00,70.34552908,0,0.4584089303874051,False,False
2014-01-29 23:00:00,70.14337141,0,0.4076939670012195,False,False
2014-01-30 00:00:00,69.65669593,0,0.4145194501913939,False,False
2014-01-30 01:00:00,70.78838358,0,0.4308284871321399,False,False
2014-01-30 02:00:00,69.51059999,0,0.4385651453849341,False,False
2014-01-30 03:00:00,70.31048879,0,0.42087091907350554,False,False
2014-01-30 04:00:00,68.33312277,0,0.5130079380306112,False,False
2014-01-30 05:00:00,69.11285507,0,0.4397084298655367,False,False
2014-01-30 06:00:00,68.36206502,0,0.45110649655938867,False,False
2014-01-30 07:00:00,70.00255638,0,0.465943531176439,False,False
2014-01-30 08:00:00,69.84002555,0,0.41272681154347973,False,False
2014-01-30 09:00:00,70.8745921,0,0.4411347939122693,False,False
2014-01-30 10:00:00,69.71342166,0,0.44759553430597454,False,False
2014-01-30 11:00:00,70.57222326,0,0.43068998815414683,False,False
2014-01-30 12:00:00,71.52531104,0,0.42488463306950836,False,False
2014-01-30 13:00:00,72.153684,0,0.42112908054022896,False,False
2014-01-30 14:00:00,71.81595951,0,0.4194557246590473,False,False
2014-01-30 15:00:00,72.36544447,0,0.4229077026400872,False,False
2014-01-30 16:00:00,72.4569589,0,0.4160440526205534,False,False
2014-01-30 17:00:00,74.33983452,0,0.5352892835162366,False,False
2014-01-30 18:00:00,72.53925557,0,0.49046690755786326,False,False
2014-01-30 19:00:00,73.62854553,0,0.4557752845596196,False,False
2014-01-30 20:00:00,74.16754767,0,0.4338045337844111,False,False
2014-01-30 21:00:00,72.13192721,0,0.5068123293445697,False,False
2014-01-30 22:00:00,72.59170057,0,0.3979834983659753,False,False
2014-01-30 23:00:00,73.23535767,0,0.40143136341587743,False,False
2014-01-31 00:00:00,71.19719727,0,0.4951685034507423,False,False
2014-01-31 01:00:00,72.61891747,0,0.43627580400168403,False,False
2014-01-31 02:00:00,70.88976393,0,0.4610824360864068,False,False
2014-01-31 03:00:00,71.45727319,0,0.4118396869622517,False,False
2014-01-31 04:00:00,70.03927892,0,0.4565806086718611,False,False
2014-01-31 05:00:00,71.28071130000002,0,0.43829118859915295,False,False
2014-01-31 06:00:00,70.26626228,0,0.4282553655292442,False,False
2014-01-31 07:00:00,70.99283914,0,0.4101097562094141,False,False
2014-01-31 08:00:00,72.32981714,0,0.434855480650312,False,False
2014-01-31 09:00:00,73.11036920000002,0,0.4225523731606518,False,False
2014-01-31 10:00:00,71.65932377,0,0.42543114127487286,False,False
2014-01-31 11:00:00,71.69114293,0,0.3880127267346368,False,False
2014-01-31 12:00:00,73.06636241,0,0.44412259986027536,False,False
2014-01-31 13:00:00,72.80727072,0,0.4011400607903244,False,False
2014-01-31 14:00:00,73.03538763,0,0.4024309237705862,False,False
2014-01-31 15:00:00,74.79646198,0,0.5055707550836732,False,False
2014-01-31 16:00:00,74.73596869,0,0.4433922368367747,False,False
2014-01-31 17:00:00,74.52413086,0,0.4442353685754313,False,False
2014-01-31 18:00:00,75.13725636,0,0.4572818599404437,False,False
2014-01-31 19:00:00,75.51339861,0,0.4638694525669618,False,False
2014-01-31 20:00:00,74.97912619,0,0.46014335258385064,False,False
2014-01-31 21:00:00,75.16085571,0,0.46575044416898437,False,False
2014-01-31 22:00:00,73.94071425,0,0.4557330588980209,False,False
2014-01-31 23:00:00,74.6188033,0,0.4193634591005459,False,False
2014-02-01 00:00:00,74.59156686,0,0.41419410767971904,False,False
2014-02-01 01:00:00,73.28286835,0,0.44597007816581463,False,False
2014-02-01 02:00:00,74.00350054,0,0.44188287435934126,False,False
2014-02-01 03:00:00,72.69543879,0,0.4422897295406553,False,False
2014-02-01 04:00:00,71.81722439,0,0.43938729842609686,False,False
2014-02-01 05:00:00,71.22178031,0,0.4443442555471202,False,False
2014-02-01 06:00:00,70.71015231,0,0.4622023419297853,False,False
2014-02-01 07:00:00,71.85774564,0,0.47526573032085356,False,False
2014-02-01 08:00:00,72.71240816,0,0.44365634690355715,False,False
2014-02-01 09:00:00,70.8336897,0,0.5074973430888389,False,False
2014-02-01 10:00:00,70.79616568,0,0.4243656045665001,False,False
2014-02-01 11:00:00,71.21849014,0,0.40709101316661706,False,False
2014-02-01 12:00:00,70.71605474,0,0.4067596317483006,False,False
2014-02-01 13:00:00,70.86097936,0,0.3964173754564708,False,False
2014-02-01 14:00:00,70.84299733,0,0.397864042917498,False,False
2014-02-01 15:00:00,71.92974532,0,0.4344177212859398,False,False
2014-02-01 16:00:00,71.79294961,0,0.4039488980234362,False,False
2014-02-01 17:00:00,71.10245254,0,0.4127224625623738,False,False
2014-02-01 18:00:00,71.47578673,0,0.41156586622207414,False,False
2014-02-01 19:00:00,73.06019458,0,0.45983829127370035,False,False
2014-02-01 20:00:00,71.57960823,0,0.4475285248770903,False,False
2014-02-01 21:00:00,72.00120605,0,0.4055868876105641,False,False
2014-02-01 22:00:00,71.53750218,0,0.4060151562318198,False,False
2014-02-01 23:00:00,71.07065184,0,0.40663514874530104,False,False
2014-02-02 00:00:00,70.44906285,0,0.41464194547483435,False,False
2014-02-02 01:00:00,71.26135473,0,0.4203918369008365,False,False
2014-02-02 02:00:00,71.33996454,0,0.403628284957981,False,False
2014-02-02 03:00:00,71.30097322,0,0.4019098711680144,False,False
2014-02-02 04:00:00,69.9892031,0,0.43873996882939825,False,False
2014-02-02 05:00:00,70.48431814,0,0.4055623168763493,False,False
2014-02-02 06:00:00,70.00301726,0,0.40379898621213745,False,False
2014-02-02 07:00:00,70.80399895,0,0.42974958658831053,False,False
2014-02-02 08:00:00,69.16903154,0,0.47129377521009475,False,False
2014-02-02 09:00:00,70.23674187,0,0.4427300846807593,False,False
2014-02-02 10:00:00,70.13354079,0,0.41664595359924567,False,False
2014-02-02 11:00:00,70.15141027,0,0.41534822382736375,False,False
2014-02-02 12:00:00,69.00452108,0,0.44403191765685457,False,False
2014-02-02 13:00:00,69.71760276,0,0.4280323339145932,False,False
2014-02-02 14:00:00,70.12305221,0,0.42299909174880307,False,False
2014-02-02 15:00:00,69.76208503,0,0.4452970957473552,False,False
2014-02-02 16:00:00,69.90676189,0,0.44263193858950656,False,False
2014-02-02 17:00:00,70.43625119,0,0.4407449021097413,False,False
2014-02-02 18:00:00,71.23295217,0,0.4356010489977955,False,False
2014-02-02 19:00:00,71.99986698,0,0.4267517637174703,False,False
2014-02-02 20:00:00,72.88904636,0,0.4251596618931223,False,False
2014-02-02 21:00:00,72.65424564,0,0.42035674963011493,False,False
2014-02-02 22:00:00,71.64446397,0,0.42900444579976504,False,False
2014-02-02 23:00:00,72.49652262,0,0.4231997830439685,False,False
2014-02-03 00:00:00,72.19594917,0,0.40327467420589774,False,False
2014-02-03 01:00:00,71.27499667,0,0.41342177947984854,False,False
2014-02-03 02:00:00,71.54927665,0,0.393746229412636,False,False
2014-02-03 03:00:00,71.37741336,0,0.39815996057842323,False,False
2014-02-03 04:00:00,70.96126394,0,0.40438126715966316,False,False
2014-02-03 05:00:00,70.86526769,0,0.406866255053581,False,False
2014-02-03 06:00:00,69.51742692,0,0.43866309248019364,False,False
2014-02-03 07:00:00,70.23699729,0,0.4090548791625303,False,False
2014-02-03 08:00:00,70.25478592,0,0.3910230306765487,False,False
2014-02-03 09:00:00,69.54660274,0,0.4149782461517979,False,False
2014-02-03 10:00:00,71.28535022,0,0.4566730883105879,False,False
2014-02-03 11:00:00,71.76620383,0,0.4066351446000484,False,False
2014-02-03 12:00:00,73.1581291,0,0.4491116601994508,False,False
2014-02-03 13:00:00,72.81950243,0,0.4111646665280015,False,False
2014-02-03 14:00:00,73.94357122,0,0.4609910696590808,False,False
2014-02-03 15:00:00,73.31051239,0,0.45243927300432674,False,False
2014-02-03 16:00:00,75.01779737,0,0.5523442733227025,False,False
2014-02-03 17:00:00,73.79603192,0,0.5151330139726062,False,False
2014-02-03 18:00:00,74.03478298,0,0.4742686309873025,False,False
2014-02-03 19:00:00,74.89001392,0,0.4979362350092965,False,False
2014-02-03 20:00:00,74.20342727,0,0.4607780224262533,False,False
2014-02-03 21:00:00,75.47335894,0,0.4920527522704848,False,False
2014-02-03 22:00:00,74.35480145,0,0.4293549095579977,False,False
2014-02-03 23:00:00,73.90516246,0,0.41301773066743125,False,False
2014-02-04 00:00:00,74.27115536,0,0.4112498321587863,False,False
2014-02-04 01:00:00,72.83977840000001,0,0.4567805062687908,False,False
2014-02-04 02:00:00,72.75240643,0,0.40423125228377604,False,False
2014-02-04 03:00:00,72.32492459999997,0,0.4106094715377873,False,False
2014-02-04 04:00:00,73.52854801,0,0.4367523766756879,False,False
2014-02-04 05:00:00,72.4911934,0,0.42094721024555565,False,False
2014-02-04 06:00:00,72.27198579,0,0.40473989962247786,False,False
2014-02-04 07:00:00,71.4871934,0,0.421272257433822,False,False
2014-02-04 08:00:00,72.12293771,0,0.4144560048391437,False,False
2014-02-04 09:00:00,72.29360612,0,0.3918766744955457,False,False
2014-02-04 10:00:00,72.86539996,0,0.40410895365047483,False,False
2014-02-04 11:00:00,71.36774996,0,0.44634974109083647,False,False
2014-02-04 12:00:00,73.26391824,0,0.484773090880465,False,False
2014-02-04 13:00:00,73.68072512,0,0.4144333390018649,False,False
2014-02-04 14:00:00,72.61150204,0,0.42284349224497275,False,False
2014-02-04 15:00:00,73.07639687,0,0.41099098198791656,False,False
2014-02-04 16:00:00,74.24530254,0,0.43450148458700477,False,False
2014-02-04 17:00:00,74.49700643,0,0.40816815447018484,False,False
2014-02-04 18:00:00,75.69456912,0,0.49262627120466873,False,False
2014-02-04 19:00:00,74.47440675,0,0.45374638326304184,False,False
2014-02-04 20:00:00,74.34991774,0,0.4193106239175223,False,False
2014-02-04 21:00:00,73.98990175,0,0.41951690622012966,False,False
2014-02-04 22:00:00,73.49337021,0,0.4174589893270652,False,False
2014-02-04 23:00:00,74.69248458,0,0.445336852910362,False,False
2014-02-05 00:00:00,72.92171344,0,0.47611638323805505,False,False
2014-02-05 01:00:00,73.9381704,0,0.43178893041418753,False,False
2014-02-05 02:00:00,73.26932063,0,0.4181130605818167,False,False
2014-02-05 03:00:00,72.89486303,0,0.4094223032606707,False,False
2014-02-05 04:00:00,71.82789886,0,0.42489091242666427,False,False
2014-02-05 05:00:00,71.50326635,0,0.4241666782709085,False,False
2014-02-05 06:00:00,72.43797863,0,0.4227701981294747,False,False
2014-02-05 07:00:00,71.49212101,0,0.4210094943675248,False,False
2014-02-05 08:00:00,71.97523749,0,0.4048210424738647,False,False
2014-02-05 09:00:00,72.25395073,0,0.3959274095423747,False,False
2014-02-05 10:00:00,72.56517449,0,0.3939850890267481,False,False
2014-02-05 11:00:00,71.83775883,0,0.4068368062727731,False,False
2014-02-05 12:00:00,73.44242506,0,0.4610215756752641,False,False
2014-02-05 13:00:00,74.27947284,0,0.42037500337356576,False,False
2014-02-05 14:00:00,72.99596329,0,0.42819437342861005,False,False
2014-02-05 15:00:00,74.10552743,0,0.4294646169555587,False,False
2014-02-05 16:00:00,73.61788608,0,0.40685639917096184,False,False
2014-02-05 17:00:00,73.31701516,0,0.4007965353343464,False,False
2014-02-05 18:00:00,73.01174645,0,0.3947485775642634,False,False
2014-02-05 19:00:00,74.31390131,0,0.44062159850874133,False,False
2014-02-05 20:00:00,73.22819982,0,0.4250902028556794,False,False
2014-02-05 21:00:00,73.72890646,0,0.41224048809649255,False,False
2014-02-05 22:00:00,72.94723977,0,0.41615933226534446,False,False
2014-02-05 23:00:00,73.8378393,0,0.46311405851753834,False,False
2014-02-06 00:00:00,72.12373833,0,0.4735454384770645,False,False
2014-02-06 01:00:00,72.04284098,0,0.4021868998880019,False,False
2014-02-06 02:00:00,72.25186859,0,0.3973977062506778,False,False
2014-02-06 03:00:00,73.09282493,0,0.4231807166056943,False,False
2014-02-06 04:00:00,71.36865067,0,0.45899627766263223,False,False
2014-02-06 05:00:00,71.49960342,0,0.3953923501615428,False,False
2014-02-06 06:00:00,70.32354612,0,0.43731830694716745,False,False
2014-02-06 07:00:00,70.39520632,0,0.4053211545014014,False,False
2014-02-06 08:00:00,71.16626768,0,0.41457286912676306,False,False
2014-02-06 09:00:00,70.02861579,0,0.4301917956954351,False,False
2014-02-06 10:00:00,71.96241743,0,0.48089984197343416,False,False
2014-02-06 11:00:00,72.38074162,0,0.3941306847286594,False,False
2014-02-06 12:00:00,71.76366871,0,0.3947891066912236,False,False
2014-02-06 13:00:00,71.43442294,0,0.39474921902882554,False,False
2014-02-06 14:00:00,72.96389766,0,0.4489162645228269,False,False
2014-02-06 15:00:00,72.40563890000001,0,0.40090226706052184,False,False
2014-02-06 16:00:00,73.24319119,0,0.42422892846504545,False,False
2014-02-06 17:00:00,74.49209885,0,0.46812828561625797,False,False
2014-02-06 18:00:00,75.67593984,0,0.5279970617993768,False,False
2014-02-06 19:00:00,76.29491541,0,0.5444440020312799,False,False
2014-02-06 20:00:00,74.47855616,0,0.5650117561232934,False,False
2014-02-06 21:00:00,73.97881601,0,0.45179913961623547,False,False
2014-02-06 22:00:00,74.2503925,0,0.4421667752222907,False,False
2014-02-06 23:00:00,73.65281821,0,0.45103804762957667,False,False
2014-02-07 00:00:00,73.5566298,0,0.43205621246687137,False,False
2014-02-07 01:00:00,74.55125277,0,0.45187068020483273,False,False
2014-02-07 02:00:00,73.17815807,0,0.4503568001724899,False,False
2014-02-07 03:00:00,73.99622426,0,0.4252845503811777,False,False
2014-02-07 04:00:00,72.16705646,0,0.5029695479371997,False,False
2014-02-07 05:00:00,72.45023357,0,0.4263535546010104,False,False
2014-02-07 06:00:00,73.06302806,0,0.4158471246144404,False,False
2014-02-07 07:00:00,72.0095,0,0.4172198944874833,False,False
2014-02-07 08:00:00,71.80741665,0,0.397014298981735,False,False
2014-02-07 09:00:00,71.04467432,0,0.418837589263741,False,False
2014-02-07 10:00:00,71.97005629,0,0.41696982778821706,False,False
2014-02-07 11:00:00,72.90941163,0,0.41036690417691296,False,False
2014-02-07 12:00:00,72.17063774,0,0.40605172043928833,False,False
2014-02-07 13:00:00,73.06947938,0,0.41651702703874005,False,False
2014-02-07 14:00:00,73.0341092,0,0.399238449757455,False,False
2014-02-07 15:00:00,73.80953945,0,0.4223499265330461,False,False
2014-02-07 16:00:00,74.31038278,0,0.40629959488751444,False,False
2014-02-07 17:00:00,73.68024234,0,0.4094060040251435,False,False
2014-02-07 18:00:00,74.41363078,0,0.42100319430646044,False,False
2014-02-07 19:00:00,74.41119626,0,0.4139318281439262,False,False
2014-02-07 20:00:00,75.30582101,0,0.4663820954642426,False,False
2014-02-07 21:00:00,73.72231831,0,0.45212543613846584,False,False
2014-02-07 22:00:00,73.956886,0,0.4045407614638812,False,False
2014-02-07 23:00:00,74.57015739,0,0.4205532659285407,False,False
2014-02-08 00:00:00,74.38656607,0,0.4169283439791929,False,False
2014-02-08 01:00:00,73.40422925,0,0.44702189508469437,False,False
2014-02-08 02:00:00,74.70798308,0,0.49370189872895887,False,False
2014-02-08 03:00:00,74.45851269,0,0.44244093478454277,False,False
2014-02-08 04:00:00,73.61811087,0,0.45739801299975275,False,False
2014-02-08 05:00:00,72.61189448,0,0.43365451937051913,False,False
2014-02-08 06:00:00,72.51799386,0,0.4058196705804386,False,False
2014-02-08 07:00:00,72.23863682,0,0.40592733316678103,False,False
2014-02-08 08:00:00,72.24960786,0,0.3936085234193865,False,False
2014-02-08 09:00:00,72.36965218,0,0.3949837252953568,False,False
2014-02-08 10:00:00,73.01194094,0,0.4030682395487519,False,False
2014-02-08 11:00:00,71.62813647,0,0.42995713266453145,False,False
2014-02-08 12:00:00,73.08187593,0,0.4424834716441203,False,False
2014-02-08 13:00:00,72.56747177,0,0.3937103634782193,False,False
2014-02-08 14:00:00,72.40514197,0,0.4020804433443362,False,False
2014-02-08 15:00:00,71.49508201,0,0.4350048210842236,False,False
2014-02-08 16:00:00,72.94715866,0,0.48190714365209736,False,False
2014-02-08 17:00:00,72.921265,0,0.4274178428559481,False,False
2014-02-08 18:00:00,73.01400553,0,0.4305009620924958,False,False
2014-02-08 19:00:00,72.79306485,0,0.4275101003391089,False,False
2014-02-08 20:00:00,72.85442183,0,0.4278491251701157,False,False
2014-02-08 21:00:00,71.65525912,0,0.4436291013320243,False,False
2014-02-08 22:00:00,72.67823919,0,0.4421051168004239,False,False
2014-02-08 23:00:00,71.24393979999998,0,0.44935473640674156,False,False
2014-02-09 00:00:00,72.55938056,0,0.44608151630629433,False,False
2014-02-09 01:00:00,72.05872252,0,0.40766573349390794,False,False
2014-02-09 02:00:00,70.76837988,0,0.43261185378236744,False,False
2014-02-09 03:00:00,72.2572247,0,0.44891891051663213,False,False
2014-02-09 04:00:00,70.78523809,0,0.44197726714872243,False,False
2014-02-09 05:00:00,70.62316491,0,0.39595460409407707,False,False
2014-02-09 06:00:00,69.95124246,0,0.411136804238698,False,False
2014-02-09 07:00:00,69.93090011,0,0.40223934900650227,False,False
2014-02-09 08:00:00,70.59418428,0,0.4000304600522998,False,False
2014-02-09 09:00:00,70.22278152,0,0.3987147167854439,False,False
2014-02-09 10:00:00,70.96283441,0,0.41220993379142884,False,False
2014-02-09 11:00:00,69.80899995,0,0.42514514992492947,False,False
2014-02-09 12:00:00,70.54885559,0,0.4165481289079345,False,False
2014-02-09 13:00:00,69.93109781,0,0.42173694340352297,False,False
2014-02-09 14:00:00,69.51149457,0,0.4206778989541818,False,False
2014-02-09 15:00:00,69.65236836,0,0.445294048762439,False,False
2014-02-09 16:00:00,70.29518506,0,0.45695815267932494,False,False
2014-02-09 17:00:00,71.62899935,0,0.46171015402706317,False,False
2014-02-09 18:00:00,70.19075454,0,0.4846853011296463,False,False
2014-02-09 19:00:00,70.75169665,0,0.4256948197651042,False,False
2014-02-09 20:00:00,70.81184472,0,0.4224313355336799,False,False
2014-02-09 21:00:00,72.25826358,0,0.451650652855539,False,False
2014-02-09 22:00:00,71.2385615,0,0.42738086061262837,False,False
2014-02-09 23:00:00,71.58482682,0,0.4078339474341651,False,False
2014-02-10 00:00:00,72.05545689,0,0.40241840534209483,False,False
2014-02-10 01:00:00,70.68437859,0,0.43845851426840404,False,False
2014-02-10 02:00:00,71.74562272,0,0.42836903939660376,False,False
2014-02-10 03:00:00,70.63016123,0,0.4359570379878323,False,False
2014-02-10 04:00:00,70.10605477,0,0.41292269232052525,False,False
2014-02-10 05:00:00,69.15085681,0,0.4264869249590154,False,False
2014-02-10 06:00:00,70.53897933,0,0.4414789445559906,False,False
2014-02-10 07:00:00,69.75848063,0,0.41337753938518296,False,False
2014-02-10 08:00:00,69.0311664,0,0.4182170128698841,False,False
2014-02-10 09:00:00,69.97462923,0,0.42143840970488067,False,False
2014-02-10 10:00:00,70.99730927,0,0.42337375608921846,False,False
2014-02-10 11:00:00,71.81090729,0,0.41666685592348635,False,False
2014-02-10 12:00:00,71.22813976,0,0.40602156920020344,False,False
2014-02-10 13:00:00,73.54807891,0,0.5359657208716887,False,False
2014-02-10 14:00:00,73.1994691,0,0.4428917998591285,False,False
2014-02-10 15:00:00,72.48376476,0,0.44893389032213177,False,False
2014-02-10 16:00:00,73.27048296,0,0.46436166261255857,False,False
2014-02-10 17:00:00,72.63291885,0,0.43883719617808065,False,False
2014-02-10 18:00:00,73.04230204,0,0.4394913952330632,False,False
2014-02-10 19:00:00,73.59851179,0,0.4422011232737239,False,False
2014-02-10 20:00:00,73.94426246,0,0.42047941905098885,False,False
2014-02-10 21:00:00,72.24379429999998,0,0.45057316627779354,False,False
2014-02-10 22:00:00,72.89933674,0,0.4039193248442536,False,False
2014-02-10 23:00:00,73.3069622,0,0.40798231345486274,False,False
2014-02-11 00:00:00,73.94052267,0,0.44554197631139186,False,False
2014-02-11 01:00:00,72.92628635,0,0.4507951611300355,False,False
2014-02-11 02:00:00,72.67838417,0,0.4230839363916782,False,False
2014-02-11 03:00:00,73.30959938,0,0.44286368941089777,False,False
2014-02-11 04:00:00,73.02655382,0,0.43069275468888496,False,False
2014-02-11 05:00:00,72.29872004,0,0.44229541801375566,False,False
2014-02-11 06:00:00,71.88552448,0,0.40601357301203905,False,False
2014-02-11 07:00:00,72.40495323,0,0.40960018894078365,False,False
2014-02-11 08:00:00,72.02464429,0,0.41620587756964794,False,False
2014-02-11 09:00:00,72.19614083,0,0.41310957843128643,False,False
2014-02-11 10:00:00,72.60597358,0,0.4145264607622394,False,False
2014-02-11 11:00:00,72.39294669,0,0.41701239355024405,False,False
2014-02-11 12:00:00,71.43716569,0,0.44861533367610573,False,False
2014-02-11 13:00:00,73.99604465,0,0.5282120621825478,False,False
2014-02-11 14:00:00,73.50943035,0,0.4170206036658002,False,False
2014-02-11 15:00:00,73.45291204,0,0.40311020676008563,False,False
2014-02-11 16:00:00,72.83513404,0,0.4092015756341103,False,False
2014-02-11 17:00:00,73.94819798,0,0.4292524382805532,False,False
2014-02-11 18:00:00,72.4788448,0,0.44221864810459394,False,False
2014-02-11 19:00:00,72.83570362,0,0.397793027846008,False,False
2014-02-11 20:00:00,73.99025826,0,0.43147708208980445,False,False
2014-02-11 21:00:00,72.88226906,0,0.4186165465268025,False,False
2014-02-11 22:00:00,73.27645109,0,0.4034142555566504,False,False
2014-02-11 23:00:00,74.02768967,0,0.41965734614363087,False,False
2014-02-12 00:00:00,73.89558413,0,0.4309314399353499,False,False
2014-02-12 01:00:00,72.59262336,0,0.4561988572639848,False,False
2014-02-12 02:00:00,71.72471476,0,0.41710005677786094,False,False
2014-02-12 03:00:00,72.13704935,0,0.4005827785953108,False,False
2014-02-12 04:00:00,71.67420314,0,0.39697025766424787,False,False
2014-02-12 05:00:00,70.80216066,0,0.41089319466042856,False,False
2014-02-12 06:00:00,71.79116991,0,0.42621863142558136,False,False
2014-02-12 07:00:00,70.14151030000001,0,0.46434226243639226,False,False
2014-02-12 08:00:00,71.38580367,0,0.4394274758955142,False,False
2014-02-12 09:00:00,70.1927803,0,0.43459551231985066,False,False
2014-02-12 10:00:00,71.53122540000003,0,0.4409797301778908,False,False
2014-02-12 11:00:00,70.74462709,0,0.4020519215640564,False,False
2014-02-12 12:00:00,71.60956249,0,0.4175092058789506,False,False
2014-02-12 13:00:00,72.63429747,0,0.42488946257755683,False,False
2014-02-12 14:00:00,72.72337319,0,0.39716785823295253,False,False
2014-02-12 15:00:00,73.61530291,0,0.4295088238177093,False,False
2014-02-12 16:00:00,73.79199341,0,0.42269033130247957,False,False
2014-02-12 17:00:00,74.02452744,0,0.4243400726558538,False,False
2014-02-12 18:00:00,73.33443313,0,0.4370204092032527,False,False
2014-02-12 19:00:00,73.77239947,0,0.42520481365613866,False,False
2014-02-12 20:00:00,74.18795723,0,0.4261182631181419,False,False
2014-02-12 21:00:00,72.73057539,0,0.445501304397724,False,False
2014-02-12 22:00:00,73.0460628,0,0.39457772263607077,False,False
2014-02-12 23:00:00,72.61851266,0,0.400805632036574,False,False
2014-02-13 00:00:00,73.63047725,0,0.460374620248933,False,False
2014-02-13 01:00:00,71.86090259999997,0,0.4761676108682729,False,False
2014-02-13 02:00:00,73.39534945,0,0.47168796589004724,False,False
2014-02-13 03:00:00,72.5265888,0,0.4184091874392429,False,False
2014-02-13 04:00:00,72.50012423,0,0.40082662567342603,False,False
2014-02-13 05:00:00,70.9921352,0,0.44374504211929006,False,False
2014-02-13 06:00:00,70.68379403,0,0.4108956322703792,False,False
2014-02-13 07:00:00,70.92225816,0,0.4055260331467522,False,False
2014-02-13 08:00:00,71.06859469,0,0.39260050783864703,False,False
2014-02-13 09:00:00,70.50557416,0,0.40864574191884073,False,False
2014-02-13 10:00:00,72.40911188,0,0.47344738789860774,False,False
2014-02-13 11:00:00,71.18403064,0,0.4224286438686639,False,False
2014-02-13 12:00:00,72.27270943,0,0.41918235319863734,False,False
2014-02-13 13:00:00,72.11898377,0,0.39418765146319085,False,False
2014-02-13 14:00:00,74.22012096,0,0.5202937495944799,False,False
2014-02-13 15:00:00,74.14513886,0,0.42791459731420245,False,False
2014-02-13 16:00:00,72.57257271,0,0.4587517560491636,False,False
2014-02-13 17:00:00,73.9980464,0,0.4663813702549695,False,False
2014-02-13 18:00:00,73.63505079999999,0,0.4282759714787852,False,False
2014-02-13 19:00:00,74.18442393,0,0.42745022317602177,False,False
2014-02-13 20:00:00,74.01379528,0,0.42019144973346295,False,False
2014-02-13 21:00:00,73.31100848,0,0.41057143045721883,False,False
2014-02-13 22:00:00,73.2449359,0,0.3964136955036088,False,False
2014-02-13 23:00:00,73.63799953,0,0.40357560572803364,False,False
2014-02-14 00:00:00,74.22768593,0,0.4133076266570941,False,False
2014-02-14 01:00:00,73.25438431,0,0.4534370784667323,False,False
2014-02-14 02:00:00,73.33046811,0,0.43011558529936783,False,False
2014-02-14 03:00:00,73.61255907,0,0.4438290719575263,False,False
2014-02-14 04:00:00,72.97745167,0,0.46389838371336967,False,False
2014-02-14 05:00:00,71.89748993,0,0.4342541197680234,False,False
2014-02-14 06:00:00,72.9483533,0,0.43470461668041216,False,False
2014-02-14 07:00:00,70.81534967,0,0.5038969809561046,False,False
2014-02-14 08:00:00,72.54651585,0,0.46073513231790086,False,False
2014-02-14 09:00:00,71.6016416,0,0.4099689889288594,False,False
2014-02-14 10:00:00,71.38492873,0,0.4036046087215129,False,False
2014-02-14 11:00:00,72.63654073,0,0.42829981393295724,False,False
2014-02-14 12:00:00,72.26304553,0,0.3943853885440446,False,False
2014-02-14 13:00:00,73.08441684,0,0.40990183599831354,False,False
2014-02-14 14:00:00,72.98119162,0,0.39460791778511356,False,False
2014-02-14 15:00:00,73.44090643,0,0.4109298348601121,False,False
2014-02-14 16:00:00,73.67536027,0,0.40227519571056997,False,False
2014-02-14 17:00:00,73.57106999,0,0.3984064620494204,False,False
2014-02-14 18:00:00,75.09120703,0,0.49085169312449695,False,False
2014-02-14 19:00:00,74.01718788,0,0.42272413637059425,False,False
2014-02-14 20:00:00,74.75368514,0,0.43817973754598294,False,False
2014-02-14 21:00:00,74.06098855,0,0.41309205002444516,False,False
2014-02-14 22:00:00,73.64913399,0,0.4048473098871148,False,False
2014-02-14 23:00:00,72.97725908,0,0.4112294055444183,False,False
2014-02-15 00:00:00,74.31242165,0,0.4604161431150256,False,False
2014-02-15 01:00:00,73.36846791,0,0.431420220732359,False,False
2014-02-15 02:00:00,73.40601581,0,0.41659735229672895,False,False
2014-02-15 03:00:00,71.88177019,0,0.4516983051556568,False,False
2014-02-15 04:00:00,72.16843891,0,0.39894402265776735,False,False
2014-02-15 05:00:00,72.02037785,0,0.4021579117539286,False,False
2014-02-15 06:00:00,71.46429845,0,0.40960156716543555,False,False
2014-02-15 07:00:00,70.13150262,0,0.4579287274413104,False,False
2014-02-15 08:00:00,71.3592175,0,0.44605583139949995,False,False
2014-02-15 09:00:00,71.52512352,0,0.40159527878929696,False,False
2014-02-15 10:00:00,71.20384956,0,0.4057712071963306,False,False
2014-02-15 11:00:00,70.74443864,0,0.40648420577386435,False,False
2014-02-15 12:00:00,70.44676548,0,0.40283378051652546,False,False
2014-02-15 13:00:00,69.73276669,0,0.4125332921748907,False,False
2014-02-15 14:00:00,69.16754481,0,0.4118911847957414,False,False
2014-02-15 15:00:00,68.61762076,0,0.42486808942865384,False,False
2014-02-15 16:00:00,68.2700207,0,0.42666081917282983,False,False
2014-02-15 17:00:00,68.32512358,0,0.4319951385036739,False,False
2014-02-15 18:00:00,68.00591358,0,0.43975493228702817,False,False
2014-02-15 19:00:00,67.69518570000001,0,0.44794584947556915,False,False
2014-02-15 20:00:00,67.66314846,0,0.44370002086330695,False,False
2014-02-15 21:00:00,68.83888277,0,0.44786928198234716,False,False
2014-02-15 22:00:00,67.71317938,0,0.4521782774301619,False,False
2014-02-15 23:00:00,68.16526105,0,0.42372895434631613,False,False
2014-02-16 00:00:00,67.74392032,0,0.4382899650765883,False,False
2014-02-16 01:00:00,66.91077531,0,0.4839533591927612,False,False
2014-02-16 02:00:00,67.67449688,0,0.4714489834449869,False,False
2014-02-16 03:00:00,67.30731382,0,0.47090279667165613,False,False
2014-02-16 04:00:00,67.90404578,0,0.466812091131274,False,False
2014-02-16 05:00:00,66.9816318,0,0.5007141580179844,False,False
2014-02-16 06:00:00,67.36349977,0,0.47355682768630225,False,False
2014-02-16 07:00:00,66.85608572,0,0.472850431128534,False,False
2014-02-16 08:00:00,66.82867178,0,0.457133528501584,False,False
2014-02-16 09:00:00,65.9175334,0,0.49700352084486293,False,False
2014-02-16 10:00:00,65.85412004,0,0.46605062194212,False,False
2014-02-16 11:00:00,66.57327898,0,0.46424657260290475,False,False
2014-02-16 12:00:00,66.93439295,0,0.46347291882672675,False,False
2014-02-16 13:00:00,65.95981552,0,0.492765316442994,False,False
2014-02-16 14:00:00,65.52567020000001,0,0.48564564853823455,False,False
2014-02-16 15:00:00,65.00654684,0,0.4930523146639692,False,False
2014-02-16 16:00:00,65.86116824,0,0.4867529154210401,False,False
2014-02-16 17:00:00,66.24895835,0,0.46398635935497967,False,False
2014-02-16 18:00:00,64.84240685,0,0.5369271704823354,False,False
2014-02-16 19:00:00,65.69994977,0,0.49469827293942176,False,False
2014-02-16 20:00:00,65.11922166,0,0.5011967810636176,False,False
2014-02-16 21:00:00,65.06927583,0,0.4837113204800894,False,False
2014-02-16 22:00:00,65.16381523,0,0.487229788940522,False,False
2014-02-16 23:00:00,64.32817118,0,0.5249173729049854,False,False
2014-02-17 00:00:00,66.17891449,0,0.5649659251776821,False,False
2014-02-17 01:00:00,65.64161252,0,0.5090910636733502,False,False
2014-02-17 02:00:00,64.79075623,0,0.5378403315582725,False,False
2014-02-17 03:00:00,64.67428457,0,0.5102292562387427,False,False
2014-02-17 04:00:00,64.36980786,0,0.5080824117612264,False,False
2014-02-17 05:00:00,63.50098479,0,0.558574620543913,False,True
2014-02-17 06:00:00,63.81534068,0,0.5254138254118167,False,True
2014-02-17 07:00:00,64.24808886,0,0.5225542850218667,False,False
2014-02-17 08:00:00,63.39175042,0,0.5820454960255145,False,True
2014-02-17 09:00:00,65.78667951,0,0.5999284908569859,False,False
2014-02-17 10:00:00,65.26018668,0,0.5148355161639894,False,False
2014-02-17 11:00:00,66.52420616,0,0.5293999511410976,False,False
2014-02-17 12:00:00,68.3216973,0,0.5617904784050504,False,False
2014-02-17 13:00:00,69.51920746,0,0.554284877279313,False,False
2014-02-17 14:00:00,70.41798643,0,0.5951088545257416,False,False
2014-02-17 15:00:00,69.85636686,0,0.6077128057450234,False,False
2014-02-17 16:00:00,70.50368788,0,0.6170620615952602,False,False
2014-02-17 17:00:00,71.55722128,0,0.624435009686603,True,False
2014-02-17 18:00:00,72.21400820000002,0,0.6042120815189596,False,False
2014-02-17 19:00:00,72.23486752,0,0.5983266680508151,False,False
2014-02-17 20:00:00,72.30190595,0,0.5514687578041297,False,False
2014-02-17 21:00:00,71.38697638,0,0.5322226783295032,False,False
2014-02-17 22:00:00,71.71658422,0,0.4517691969219508,False,False
2014-02-17 23:00:00,70.60328489,0,0.42712937728854655,False,False
2014-02-18 00:00:00,70.70527374,0,0.3949013009706545,False,False
2014-02-18 01:00:00,69.37279327,0,0.4356548442339599,False,False
2014-02-18 02:00:00,69.26929995,0,0.4108145219415744,False,False
2014-02-18 03:00:00,68.33325827,0,0.4446144579717956,False,False
2014-02-18 04:00:00,68.26287644,0,0.44240741794724364,False,False
2014-02-18 05:00:00,68.58490764,0,0.4486683588855957,False,False
2014-02-18 06:00:00,67.91159536,0,0.4680198803761874,False,False
2014-02-18 07:00:00,67.02506652,0,0.5043591423432836,False,False
2014-02-18 08:00:00,66.65870493,0,0.4851715439838231,False,False
2014-02-18 09:00:00,68.35154455,0,0.498670960496333,False,False
2014-02-18 10:00:00,67.47621403,0,0.4604475565447129,False,False
2014-02-18 11:00:00,69.77932913,0,0.5250810059070723,False,False
2014-02-18 12:00:00,69.15476006,0,0.4245969667053078,False,False
2014-02-18 13:00:00,71.2527348,0,0.5162765544919156,False,False
2014-02-18 14:00:00,70.75971585,0,0.4442200406790444,False,False
2014-02-18 15:00:00,72.72805852,0,0.554178768302665,False,False
2014-02-18 16:00:00,71.57641906,0,0.5162994258165594,False,False
2014-02-18 17:00:00,71.53146856,0,0.4907351598926995,False,False
2014-02-18 18:00:00,72.43892738,0,0.5125160783124398,False,False
2014-02-18 19:00:00,72.51358476,0,0.4868867908797335,False,False
2014-02-18 20:00:00,73.04307154,0,0.47586796243230367,False,False
2014-02-18 21:00:00,72.01489481,0,0.46225990551515955,False,False
2014-02-18 22:00:00,72.03402933,0,0.3995106402176255,False,False
2014-02-18 23:00:00,71.36277817,0,0.40574614001805775,False,False
2014-02-19 00:00:00,70.22442557,0,0.42445604670753617,False,False
2014-02-19 01:00:00,71.04606096,0,0.4127159618924364,False,False
2014-02-19 02:00:00,70.29642466,0,0.4095209896094167,False,False
2014-02-19 03:00:00,69.67691329,0,0.40898554674119375,False,False
2014-02-19 04:00:00,68.59571214,0,0.449114447771523,False,False
2014-02-19 05:00:00,69.32304528,0,0.43577025025574656,False,False
2014-02-19 06:00:00,69.67748164,0,0.4151541689615031,False,False
2014-02-19 07:00:00,68.7353527,0,0.44599575091044075,False,False
2014-02-19 08:00:00,68.35921937,0,0.4319960675386037,False,False
2014-02-19 09:00:00,68.72795161,0,0.4243328341018897,False,False
2014-02-19 10:00:00,68.99210194,0,0.41379312324546763,False,False
2014-02-19 11:00:00,70.19905465,0,0.4458999021871094,False,False
2014-02-19 12:00:00,69.97929042,0,0.42272793884142673,False,False
2014-02-19 13:00:00,71.22263248,0,0.4526513986784689,False,False
2014-02-19 14:00:00,71.68970302,0,0.423903594637651,False,False
2014-02-19 15:00:00,71.30018987,0,0.4267786396507706,False,False
2014-02-19 16:00:00,71.27840683,0,0.41705254997540064,False,False
2014-02-19 17:00:00,71.89062285,0,0.42170611225615473,False,False
2014-02-19 18:00:00,70.7418569,0,0.4359499907570146,False,False
2014-02-19 19:00:00,72.45036867,0,0.46671194852121733,False,False
2014-02-19 20:00:00,71.32687587,0,0.4282385105799379,False,False
2014-02-19 21:00:00,71.41737459999997,0,0.39666816263222854,False,False
2014-02-19 22:00:00,72.27479477,0,0.4203177734647671,False,False
2014-02-19 23:00:00,70.60398854,0,0.4669959203771354,False,False
2014-02-20 00:00:00,71.26949942,0,0.4299668385350591,False,False
2014-02-20 01:00:00,70.11901901,0,0.4414316547270518,False,False
2014-02-20 02:00:00,70.71862637,0,0.41345023652930446,False,False
2014-02-20 03:00:00,70.01345997,0,0.41196987051524947,False,False
2014-02-20 04:00:00,70.36792895,0,0.40830872228548554,False,False
2014-02-20 05:00:00,70.25181505,0,0.404907993858305,False,False
2014-02-20 06:00:00,70.06343925,0,0.4092356734571255,False,False
2014-02-20 07:00:00,69.51877722,0,0.4145555252488444,False,False
2014-02-20 08:00:00,69.51143689,0,0.41489036405951674,False,False
2014-02-20 09:00:00,69.28431029,0,0.41277762675748214,False,False
2014-02-20 10:00:00,70.02917117,0,0.4444622929260737,False,False
2014-02-20 11:00:00,69.77788948,0,0.44178926564302146,False,False
2014-02-20 12:00:00,70.64429563,0,0.4715265031839174,False,False
2014-02-20 13:00:00,72.09907213,0,0.460635404910979,False,False
2014-02-20 14:00:00,72.55900491,0,0.4096834927236392,False,False
2014-02-20 15:00:00,72.48953325,0,0.4131653167630397,False,False
2014-02-20 16:00:00,72.02762569,0,0.4158130879492184,False,False
2014-02-20 17:00:00,72.56107268,0,0.41643788061132403,False,False
2014-02-20 18:00:00,72.29252772,0,0.4206574030830519,False,False
2014-02-20 19:00:00,72.14536417,0,0.40336659715009876,False,False
2014-02-20 20:00:00,73.17633192,0,0.4369826151928405,False,False
2014-02-20 21:00:00,72.09881309,0,0.41481923967238743,False,False
2014-02-20 22:00:00,73.03183616,0,0.41358681770383804,False,False
2014-02-20 23:00:00,73.4095494,0,0.41259356019245635,False,False
2014-02-21 00:00:00,73.61055026,0,0.4379231439032381,False,False
2014-02-21 01:00:00,73.22469023,0,0.43628367471839274,False,False
2014-02-21 02:00:00,72.77238923,0,0.43025282283722205,False,False
2014-02-21 03:00:00,71.77678685,0,0.43585284389510187,False,False
2014-02-21 04:00:00,71.39870017,0,0.4092516290743184,False,False
2014-02-21 05:00:00,72.01672718,0,0.4093414825573634,False,False
2014-02-21 06:00:00,71.71709105,0,0.40218628696654996,False,False
2014-02-21 07:00:00,71.89082404,0,0.39778928585834633,False,False
2014-02-21 08:00:00,71.79162775,0,0.39266935224411287,False,False
2014-02-21 09:00:00,71.73870688,0,0.3911654770295253,False,False
2014-02-21 10:00:00,70.86190335,0,0.4061405397451464,False,False
2014-02-21 11:00:00,71.69377098,0,0.41264636970447055,False,False
2014-02-21 12:00:00,72.24965305,0,0.41554292828100603,False,False
2014-02-21 13:00:00,71.86440398,0,0.4462561215590575,False,False
2014-02-21 14:00:00,71.71570293,0,0.46347496656181125,False,False
2014-02-21 15:00:00,73.11333987,0,0.477976356282155,False,False
2014-02-21 16:00:00,73.11595078,0,0.41218959305272396,False,False
2014-02-21 17:00:00,71.98594655,0,0.4290150597606228,False,False
2014-02-21 18:00:00,71.77056727,0,0.4080297102859806,False,False
2014-02-21 19:00:00,72.69503008,0,0.4209301589466536,False,False
2014-02-21 20:00:00,72.97101070000002,0,0.4092666799192407,False,False
2014-02-21 21:00:00,72.4740122,0,0.4056733125510773,False,False
2014-02-21 22:00:00,73.52059659,0,0.43363839588101166,False,False
2014-02-21 23:00:00,72.43691661,0,0.4411077583816255,False,False
2014-02-22 00:00:00,72.18066282,0,0.41460150463496664,False,False
2014-02-22 01:00:00,71.32459195,0,0.4204877848278748,False,False
2014-02-22 02:00:00,71.85583639,0,0.40909794837263863,False,False
2014-02-22 03:00:00,71.88074888,0,0.3973786759564738,False,False
2014-02-22 04:00:00,72.15361442,0,0.41764434732382755,False,False
2014-02-22 05:00:00,71.17776846,0,0.4256213074519818,False,False
2014-02-22 06:00:00,71.41359324,0,0.40642637021071426,False,False
2014-02-22 07:00:00,71.75202769,0,0.40865252066841146,False,False
2014-02-22 08:00:00,72.29547661,0,0.40943496631200593,False,False
2014-02-22 09:00:00,72.06697006,0,0.4065148303305828,False,False
2014-02-22 10:00:00,70.50858274,0,0.48753912369329755,False,False
2014-02-22 11:00:00,70.18441596,0,0.41630515112153016,False,False
2014-02-22 12:00:00,71.29025253,0,0.43297148845250194,False,False
2014-02-22 13:00:00,70.23647890000001,0,0.4316980967131915,False,False
2014-02-22 14:00:00,70.42527414,0,0.4008944632761675,False,False
2014-02-22 15:00:00,70.62841849,0,0.40268582890977284,False,False
2014-02-22 16:00:00,71.29022977,0,0.4131604751695151,False,False
2014-02-22 17:00:00,70.83192557,0,0.41135423623256334,False,False
2014-02-22 18:00:00,71.13549561,0,0.41496158105176156,False,False
2014-02-22 19:00:00,70.83738869,0,0.4161663709067055,False,False
2014-02-22 20:00:00,70.83849743,0,0.43200728592942034,False,False
2014-02-22 21:00:00,70.93245308,0,0.4634420255247528,False,False
2014-02-22 22:00:00,70.27290872,0,0.4700646933120747,False,False
2014-02-22 23:00:00,70.58817206,0,0.4696510601385444,False,False
2014-02-23 00:00:00,70.24057965,0,0.4736342659409315,False,False
2014-02-23 01:00:00,70.80419,0,0.4774551358731762,False,False
2014-02-23 02:00:00,69.80143685,0,0.483447946794886,False,False
2014-02-23 03:00:00,69.31283198,0,0.4369732966996431,False,False
2014-02-23 04:00:00,69.35668517,0,0.42394483905720076,False,False
2014-02-23 05:00:00,69.13396209999999,0,0.4279127133029403,False,False
2014-02-23 06:00:00,70.44526682,0,0.4563192122337171,False,False
2014-02-23 07:00:00,70.20928733,0,0.42529066701440055,False,False
2014-02-23 08:00:00,69.93524085,0,0.4378290047429979,False,False
2014-02-23 09:00:00,69.29629038,0,0.4406916648688473,False,False
2014-02-23 10:00:00,68.45718549,0,0.450949868993863,False,False
2014-02-23 11:00:00,69.36682524,0,0.4416669622517448,False,False
2014-02-23 12:00:00,69.78440146,0,0.4266313961309185,False,False
2014-02-23 13:00:00,70.05047118,0,0.4420669565034763,False,False
2014-02-23 14:00:00,69.94616047,0,0.4437697796374163,False,False
2014-02-23 15:00:00,69.58663804,0,0.4419290162103459,False,False
2014-02-23 16:00:00,69.26826291,0,0.4409591934409583,False,False
2014-02-23 17:00:00,70.67206672,0,0.4730950880464264,False,False
2014-02-23 18:00:00,69.77136750000001,0,0.4629091293228203,False,False
2014-02-23 19:00:00,70.36000475,0,0.4386385166464025,False,False
2014-02-23 20:00:00,71.22900600000001,0,0.43955179964846164,False,False
2014-02-23 21:00:00,71.01855228,0,0.41871976437423236,False,False
2014-02-23 22:00:00,71.67436488,0,0.41608810231704796,False,False
2014-02-23 23:00:00,71.98920306,0,0.40653265264692073,False,False
2014-02-24 00:00:00,71.41241783,0,0.40621197655310193,False,False
2014-02-24 01:00:00,70.21304108,0,0.4275683713525986,False,False
2014-02-24 02:00:00,70.46941197,0,0.4004440605798705,False,False
2014-02-24 03:00:00,71.81875355,0,0.44164695427724304,False,False
2014-02-24 04:00:00,70.75726396,0,0.4421186563884822,False,False
2014-02-24 05:00:00,70.35054453,0,0.4165099089084226,False,False
2014-02-24 06:00:00,71.46188706,0,0.4432639058302713,False,False
2014-02-24 07:00:00,70.98973616,0,0.4229618383800474,False,False
2014-02-24 08:00:00,69.85618346,0,0.4448871132314145,False,False
2014-02-24 09:00:00,70.33833311,0,0.41728683558756996,False,False
2014-02-24 10:00:00,70.64534116,0,0.4175256535991715,False,False
2014-02-24 11:00:00,71.59340431,0,0.43583072801065426,False,False
2014-02-24 12:00:00,72.81269719,0,0.44026237309766914,False,False
2014-02-24 13:00:00,71.4608208,0,0.4332687289248732,False,False
2014-02-24 14:00:00,72.85545543,0,0.4372777262434273,False,False
2014-02-24 15:00:00,73.05311023,0,0.4026563206630656,False,False
2014-02-24 16:00:00,73.92592685,0,0.43668342224896567,False,False
2014-02-24 17:00:00,74.95996905,0,0.4878514665546241,False,False
2014-02-24 18:00:00,75.94820959999998,0,0.5477175031107413,False,False
2014-02-24 19:00:00,75.75487779999997,0,0.5514949353917727,False,False
2014-02-24 20:00:00,74.81028192,0,0.5341611496671002,False,False
2014-02-24 21:00:00,73.54824379,0,0.5016711808798835,False,False
2014-02-24 22:00:00,75.07458015,0,0.5227981265250865,False,False
2014-02-24 23:00:00,73.30253287,0,0.5113758551619267,False,False
2014-02-25 00:00:00,74.89976587,0,0.5088359572146214,False,False
2014-02-25 01:00:00,74.93152766,0,0.4267675436036647,False,False
2014-02-25 02:00:00,73.08132323,0,0.4987550162096079,False,False
2014-02-25 03:00:00,74.38609616,0,0.45018542633624553,False,False
2014-02-25 04:00:00,73.555717,0,0.4259094607898991,False,False
2014-02-25 05:00:00,72.43144467,0,0.4486720947952729,False,False
2014-02-25 06:00:00,73.01942581,0,0.4138551524906106,False,False
2014-02-25 07:00:00,72.1483262,0,0.41350172471649294,False,False
2014-02-25 08:00:00,72.8103996,0,0.404171690234199,False,False
2014-02-25 09:00:00,72.69220185,0,0.3926559322832235,False,False
2014-02-25 10:00:00,72.93948367,0,0.39211501313390557,False,False
2014-02-25 11:00:00,72.10962389,0,0.40966467489401603,False,False
2014-02-25 12:00:00,73.58615695,0,0.45136539794616604,False,False
2014-02-25 13:00:00,72.55872059,0,0.4241247771615427,False,False
2014-02-25 14:00:00,73.58393306,0,0.436872377867453,False,False
2014-02-25 15:00:00,72.67472192,0,0.44779345139655813,False,False
2014-02-25 16:00:00,73.6832062,0,0.4599977724653497,False,False
2014-02-25 17:00:00,74.65712512,0,0.44164996692308156,False,False
2014-02-25 18:00:00,74.81826612,0,0.4150493284933366,False,False
2014-02-25 19:00:00,75.30493537,0,0.4356977044494336,False,False
2014-02-25 20:00:00,74.75955931,0,0.4262686967306729,False,False
2014-02-25 21:00:00,74.82300241,0,0.42179780600639416,False,False
2014-02-25 22:00:00,75.2020531,0,0.4438939714042033,False,False
2014-02-25 23:00:00,73.73854426,0,0.45284158427510895,False,False
2014-02-26 00:00:00,74.52699276,0,0.42538894480539124,False,False
2014-02-26 01:00:00,74.22793271,0,0.41590518014873384,False,False
2014-02-26 02:00:00,73.43795586,0,0.42753957425866723,False,False
2014-02-26 03:00:00,73.07056291,0,0.4216952650235519,False,False
2014-02-26 04:00:00,72.27324959999999,0,0.42116797545346557,False,False
2014-02-26 05:00:00,71.51947436,0,0.43988620130943534,False,False
2014-02-26 06:00:00,71.63920884,0,0.42781569870943353,False,False
2014-02-26 07:00:00,72.10054496,0,0.42321051233698453,False,False
2014-02-26 08:00:00,72.35798657,0,0.4157582694358592,False,False
2014-02-26 09:00:00,71.52260473,0,0.4231561415542984,False,False
2014-02-26 10:00:00,70.96393378,0,0.4149368357689091,False,False
2014-02-26 11:00:00,72.58154764,0,0.4634699048196028,False,False
2014-02-26 12:00:00,72.58419551,0,0.3834885948500872,False,False
2014-02-26 13:00:00,72.36171361,0,0.40432363765352514,False,False
2014-02-26 14:00:00,72.42998458,0,0.4157018530475016,False,False
2014-02-26 15:00:00,71.75716944,0,0.43788411926106996,False,False
2014-02-26 16:00:00,73.07326185,0,0.4491629862567227,False,False
2014-02-26 17:00:00,72.75507065,0,0.4188477251001023,False,False
2014-02-26 18:00:00,72.5752305,0,0.416823284341922,False,False
2014-02-26 19:00:00,73.48040164,0,0.42797724959019096,False,False
2014-02-26 20:00:00,72.81148014,0,0.4123869086157325,False,False
2014-02-26 21:00:00,72.55668889,0,0.40517956290934665,False,False
2014-02-26 22:00:00,72.85158523,0,0.45677692201534037,False,False
2014-02-26 23:00:00,73.26970533,0,0.4560914073485305,False,False
2014-02-27 00:00:00,71.19146991,0,0.5132912433487502,False,False
2014-02-27 01:00:00,72.08289113,0,0.42552861247196533,False,False
2014-02-27 02:00:00,71.96350659,0,0.40133365552947153,False,False
2014-02-27 03:00:00,71.82605361,0,0.4039911566321095,False,False
2014-02-27 04:00:00,70.82030946,0,0.42056836817299237,False,False
2014-02-27 05:00:00,69.42550165,0,0.4559011742564649,False,False
2014-02-27 06:00:00,69.92242421,0,0.41951712165526106,False,False
2014-02-27 07:00:00,69.31438143,0,0.4274456365552832,False,False
2014-02-27 08:00:00,70.76033757,0,0.45233425470498195,False,False
2014-02-27 09:00:00,70.97100633,0,0.4011420304619317,False,False
2014-02-27 10:00:00,70.17113554,0,0.4160672235967759,False,False
2014-02-27 11:00:00,70.71432592,0,0.4012372772006001,False,False
2014-02-27 12:00:00,71.921708,0,0.43076975247534005,False,False
2014-02-27 13:00:00,72.00375809999998,0,0.39942485807452416,False,False
2014-02-27 14:00:00,71.78458459,0,0.4041059128141027,False,False
2014-02-27 15:00:00,72.65555112,0,0.4225485448220618,False,False
2014-02-27 16:00:00,72.58009757,0,0.4084469533560027,False,False
2014-02-27 17:00:00,73.05064890000001,0,0.41760872762593043,False,False
2014-02-27 18:00:00,74.54039587,0,0.48878875316558257,False,False
2014-02-27 19:00:00,75.18858469,0,0.4755790495977262,False,False
2014-02-27 20:00:00,74.27894519,0,0.4636216020235642,False,False
2014-02-27 21:00:00,74.26208079,0,0.4417956304163589,False,False
2014-02-27 22:00:00,73.23807909,0,0.44292804293019483,False,False
2014-02-27 23:00:00,73.87025742,0,0.42303307220352904,False,False
2014-02-28 00:00:00,73.43235603,0,0.40588242681380515,False,False
2014-02-28 01:00:00,72.37198523,0,0.4170251469395695,False,False
2014-02-28 02:00:00,73.92808884,0,0.46088010459442136,False,False
2014-02-28 03:00:00,73.25719839,0,0.4096069418874601,False,False
2014-02-28 04:00:00,72.53001535,0,0.41566450355593576,False,False
2014-02-28 05:00:00,71.63872957,0,0.4114630810995224,False,False
2014-02-28 06:00:00,72.28002048,0,0.40700035246839467,False,False
2014-02-28 07:00:00,71.72196102,0,0.40065429735003355,False,False
2014-02-28 08:00:00,70.39334093,0,0.4452571895582328,False,False
2014-02-28 09:00:00,70.10964532,0,0.4169105843916336,False,False
2014-02-28 10:00:00,70.65823648,0,0.41210393147225644,False,False
2014-02-28 11:00:00,71.51087208,0,0.4155615930812322,False,False
2014-02-28 12:00:00,72.44637778,0,0.4205261881337307,False,False
2014-02-28 13:00:00,71.51568524,0,0.41402746750908975,False,False
2014-02-28 14:00:00,72.7279092,0,0.4266887629233032,False,False
2014-02-28 15:00:00,72.29771123,0,0.40357282366439823,False,False
2014-02-28 16:00:00,71.52876516,0,0.4075036921671951,False,False
2014-02-28 17:00:00,72.59605592,0,0.4196510383919486,False,False
2014-02-28 18:00:00,72.01554663,0,0.4018385750679943,False,False
2014-02-28 19:00:00,72.97598217,0,0.4169714176197445,False,False
2014-02-28 20:00:00,71.20551,0,0.45990215606702267,False,False
2014-02-28 21:00:00,72.52524715,0,0.43864951198689417,False,False
2014-02-28 22:00:00,72.49802968,0,0.4174886862329669,False,False
2014-02-28 23:00:00,72.6226827,0,0.41814031766188237,False,False
2014-03-01 00:00:00,71.39694912,0,0.4497771031301826,False,False
2014-03-01 01:00:00,70.29320788,0,0.4254647440213286,False,False
2014-03-01 02:00:00,70.10398202,0,0.40615295263856627,False,False
2014-03-01 03:00:00,70.02121361,0,0.40609552239527114,False,False
2014-03-01 04:00:00,70.27777940000001,0,0.40143077210812517,False,False
2014-03-01 05:00:00,68.76433592,0,0.46422760274534014,False,False
2014-03-01 06:00:00,69.37923216,0,0.4310673926756263,False,False
2014-03-01 07:00:00,67.78520256,0,0.4936193852320629,False,False
2014-03-01 08:00:00,68.49976639,0,0.4560706973558898,False,False
2014-03-01 09:00:00,66.66557183,0,0.5618853392937392,False,False
2014-03-01 10:00:00,66.92889456,0,0.4908670867498241,False,False
2014-03-01 11:00:00,65.80440933,0,0.5359348753480685,False,False
2014-03-01 12:00:00,66.89565828,0,0.5063027053084855,False,False
2014-03-01 13:00:00,66.20627379,0,0.5065956391823038,False,False
2014-03-01 14:00:00,65.62264979,0,0.5197135982756202,False,False
2014-03-01 15:00:00,66.38603358,0,0.49583121037118527,False,False
2014-03-01 16:00:00,66.57722161,0,0.47017768466972687,False,False
2014-03-01 17:00:00,67.22633566,0,0.4636097387269182,False,False
2014-03-01 18:00:00,66.59760208,0,0.46405763527052435,False,False
2014-03-01 19:00:00,67.12154486,0,0.46655948278749854,False,False
2014-03-01 20:00:00,65.97349626,0,0.5219322643156967,False,False
2014-03-01 21:00:00,66.84503091,0,0.501643063767427,False,False
2014-03-01 22:00:00,66.34569414,0,0.4944975877443637,False,False
2014-03-01 23:00:00,65.04830890000001,0,0.523517290418811,False,False
2014-03-02 00:00:00,65.36668131,0,0.48287003883213525,False,False
2014-03-02 01:00:00,64.60285133,0,0.5105981268188832,False,False
2014-03-02 02:00:00,65.00628144,0,0.491664986140951,False,False
2014-03-02 03:00:00,65.10276279,0,0.4821200278804996,False,False
2014-03-03 09:00:00,64.73752596,0,0.4998664900152565,False,False
2014-03-03 10:00:00,66.44422198,0,0.5328747671610237,False,False
2014-03-03 11:00:00,66.67119237,0,0.4689893612898916,False,False
2014-03-03 12:00:00,68.20387067,0,0.5160095295096928,False,False
2014-03-03 13:00:00,67.99377700000001,0,0.4859245635260193,False,False
2014-03-03 14:00:00,68.82246666,0,0.4937057745504743,False,False
2014-03-03 15:00:00,69.83201105,0,0.5236486237225494,False,False
2014-03-03 16:00:00,70.41675915,0,0.5323882234240824,False,False
2014-03-03 17:00:00,69.67662317,0,0.555374770139837,False,False
2014-03-03 18:00:00,69.75960523,0,0.5207455065007714,False,False
2014-03-03 19:00:00,70.63902199,0,0.5051898873824457,False,False
2014-03-03 20:00:00,71.26261117,0,0.4881520029598048,False,False
2014-03-03 21:00:00,70.37991099999998,0,0.46373487211730663,False,False
2014-03-03 22:00:00,68.99746538,0,0.4670105207766038,False,False
2014-03-03 23:00:00,67.80571471,0,0.46275704433618375,False,False
2014-03-04 00:00:00,68.65145086,0,0.430985390524865,False,False
2014-03-04 01:00:00,67.3954395,0,0.4768241942624842,False,False
2014-03-04 02:00:00,67.04867326,0,0.4604444769614739,False,False
2014-03-04 03:00:00,66.58482439,0,0.4746679489624104,False,False
2014-03-04 04:00:00,65.50344586,0,0.5462699934682801,False,False
2014-03-04 05:00:00,65.72809278,0,0.5318798541376644,False,False
2014-03-04 06:00:00,65.71347736,0,0.5431084914172388,False,False
2014-03-04 07:00:00,66.21746488,0,0.526620014462773,False,False
2014-03-04 08:00:00,67.3270938,0,0.4926348548457673,False,False
2014-03-04 09:00:00,67.62303328,0,0.45545478603655204,False,False
2014-03-04 10:00:00,68.08086803,0,0.449860556384029,False,False
2014-03-04 11:00:00,68.72680885,0,0.45822003788553356,False,False
2014-03-04 12:00:00,70.45355378,0,0.5137337506851775,False,False
2014-03-04 13:00:00,70.06613398,0,0.48493663523091285,False,False
2014-03-04 14:00:00,69.97752106,0,0.4965746913594298,False,False
2014-03-04 15:00:00,70.4927163,0,0.48716719799244435,False,False
2014-03-04 16:00:00,71.61681198,0,0.5160856998773625,False,False
2014-03-04 17:00:00,70.29198332,0,0.5113967659883082,False,False
2014-03-04 18:00:00,71.67066391,0,0.4960057836969642,False,False
2014-03-04 19:00:00,70.70533885,0,0.45611708531973383,False,False
2014-03-04 20:00:00,70.4300817,0,0.4201413754607892,False,False
2014-03-04 21:00:00,69.29157767,0,0.43288604389532853,False,False
2014-03-04 22:00:00,69.34063822,0,0.4116314887521252,False,False
2014-03-04 23:00:00,70.38420092,0,0.43932092030071,False,False
2014-03-05 00:00:00,69.63034413,0,0.42347642234843663,False,False
2014-03-05 01:00:00,69.0398113,0,0.41718367040685317,False,False
2014-03-05 02:00:00,67.76196134,0,0.4615334575372763,False,False
2014-03-05 03:00:00,67.67675741,0,0.4422495067423492,False,False
2014-03-05 04:00:00,68.86005963,0,0.44876598762380643,False,False
2014-03-05 05:00:00,67.57048842,0,0.47350013349489334,False,False
2014-03-05 06:00:00,68.46335363,0,0.4344395649745959,False,False
2014-03-05 07:00:00,69.29349205,0,0.42537721956617325,False,False
2014-03-05 08:00:00,68.01547296,0,0.45825276678816906,False,False
2014-03-05 09:00:00,68.10090635,0,0.4247095913524449,False,False
2014-03-05 10:00:00,68.12754514,0,0.4227498728419725,False,False
2014-03-05 11:00:00,70.01662351,0,0.49875239539434135,False,False
2014-03-05 12:00:00,70.25863434,0,0.4160408551634084,False,False
2014-03-05 13:00:00,71.09608996,0,0.43603821979856183,False,False
2014-03-05 14:00:00,71.50280303,0,0.4346536610463091,False,False
2014-03-05 15:00:00,71.42488612,0,0.43757594110626785,False,False
2014-03-05 16:00:00,72.71167276,0,0.49523606951058335,False,False
2014-03-05 17:00:00,71.59459113,0,0.462995485238298,False,False
2014-03-05 18:00:00,72.43328872,0,0.45828159500359933,False,False
2014-03-05 19:00:00,71.48709146,0,0.46664381485581463,False,False
2014-03-05 20:00:00,71.99469951,0,0.4303971038573505,False,False
2014-03-05 21:00:00,71.35471229,0,0.4087181853322393,False,False
2014-03-05 22:00:00,70.39110149,0,0.41601733835331894,False,False
2014-03-05 23:00:00,69.43812495,0,0.42401792984410863,False,False
2014-03-06 00:00:00,70.2584932,0,0.4127956394874055,False,False
2014-03-06 01:00:00,69.67190229,0,0.404276520183507,False,False
2014-03-06 02:00:00,68.22337002,0,0.47286394570270357,False,False
2014-03-06 03:00:00,68.80799396,0,0.43698836501987753,False,False
2014-03-06 04:00:00,68.03247815,0,0.45551929005001635,False,False
2014-03-06 05:00:00,67.80972606,0,0.4568915327736301,False,False
2014-03-06 06:00:00,66.40552502,0,0.5276549466770839,False,False
2014-03-06 07:00:00,67.83509944,0,0.5033319587621706,False,False
2014-03-06 08:00:00,65.97248106,0,0.5575317139842816,False,False
2014-03-06 09:00:00,66.31911328,0,0.4800449723153166,False,False
2014-03-06 10:00:00,66.29172592,0,0.4791575154540876,False,False
2014-03-06 11:00:00,66.46979301,0,0.4815220423680542,False,False
2014-03-06 12:00:00,67.19727082,0,0.4609211953826648,False,False
2014-03-06 13:00:00,67.26610171,0,0.44442628466718803,False,False
2014-03-06 14:00:00,66.58963271,0,0.4609647413978382,False,False
2014-03-06 15:00:00,66.13565431,0,0.4642912842792883,False,False
2014-03-06 16:00:00,67.45824979,0,0.4882804226058862,False,False
2014-03-06 17:00:00,67.08281943,0,0.4736406807048253,False,False
2014-03-06 18:00:00,66.60154522,0,0.475828972810813,False,False
2014-03-06 19:00:00,66.14435074,0,0.4982182009079621,False,False
2014-03-06 20:00:00,65.70970149,0,0.5041275826369693,False,False
2014-03-06 21:00:00,65.72663154,0,0.486497987210033,False,False
2014-03-06 22:00:00,65.58931781,0,0.4755739907466887,False,False
2014-03-06 23:00:00,65.82957452,0,0.4683050819249826,False,False
2014-03-07 00:00:00,65.66945407,0,0.47113282318407107,False,False
2014-03-07 01:00:00,64.47296805,0,0.5291325137340193,False,False
2014-03-07 02:00:00,64.33275758,0,0.49178023782402597,False,False
2014-03-07 03:00:00,64.30729548,0,0.5032548140800615,False,False
2014-03-07 04:00:00,63.27916803,0,0.5739429239266891,False,True
2014-03-07 05:00:00,63.28661915,0,0.5501361649342829,False,True
2014-03-07 06:00:00,62.71784797,0,0.5909699726520129,False,True
2014-03-07 07:00:00,62.10356599,0,0.6222943657275368,True,True
2014-03-07 08:00:00,62.35873434,0,0.6153539562590828,False,True
2014-03-07 09:00:00,62.26844161,0,0.6214527993321071,True,True
2014-03-07 10:00:00,64.14762913,0,0.6267080710584735,True,False
2014-03-07 11:00:00,66.74519744,0,0.6312699520599627,True,False
2014-03-07 12:00:00,66.88478620000001,0,0.5573544274248855,False,False
2014-03-07 13:00:00,67.39191825,0,0.5726439468800268,False,False
2014-03-07 14:00:00,66.3784179,0,0.6048662291121008,False,False
2014-03-07 15:00:00,67.24728902,0,0.6096990251654588,False,False
2014-03-07 16:00:00,68.80478948,0,0.6388718803981357,True,False
2014-03-07 17:00:00,67.78706753,0,0.6223864491541952,True,False
2014-03-07 18:00:00,67.6234333,0,0.6015943968280657,False,False
2014-03-07 19:00:00,68.13243751,0,0.5655701566211175,False,False
2014-03-07 20:00:00,68.35249809,0,0.5154654254129017,False,False
2014-03-07 21:00:00,68.76098726,0,0.4399600064415483,False,False
2014-03-07 22:00:00,68.27847874,0,0.444139592956367,False,False
2014-03-07 23:00:00,67.18038204,0,0.47692803186669785,False,False
2014-03-08 00:00:00,66.54164375,0,0.4592816545461577,False,False
2014-03-08 01:00:00,67.01120528,0,0.4528528018157739,False,False
2014-03-08 02:00:00,66.64272086,0,0.45296983199717245,False,False
2014-03-08 03:00:00,65.06151932,0,0.5251510463735722,False,False
2014-03-08 04:00:00,65.17996189,0,0.49479343926041447,False,False
2014-03-08 05:00:00,64.67925087,0,0.5314529334245066,False,False
2014-03-08 06:00:00,65.55120828,0,0.5176528730980082,False,False
2014-03-08 07:00:00,64.59678509,0,0.5509201253561002,False,False
2014-03-08 08:00:00,65.27563058,0,0.5203663119272568,False,False
2014-03-08 09:00:00,64.88539882,0,0.5157878706339223,False,False
2014-03-08 10:00:00,65.15421592,0,0.49153948176871326,False,False
2014-03-08 11:00:00,64.26521212,0,0.5196036447773323,False,False
2014-03-08 12:00:00,64.07879166,0,0.5093423084966997,False,False
2014-03-08 13:00:00,63.99581719,0,0.5117965027875792,False,False
2014-03-08 14:00:00,63.37198838,0,0.5583403886728975,False,True
2014-03-08 15:00:00,63.85857426,0,0.5377266942705151,False,False
2014-03-08 16:00:00,65.7786958,0,0.5794774955353654,False,False
2014-03-08 17:00:00,66.00473119,0,0.4980177216641782,False,False
2014-03-08 18:00:00,65.12337382,0,0.5214932809058724,False,False
2014-03-08 19:00:00,66.57607623,0,0.5422837803588219,False,False
2014-03-08 20:00:00,65.02660446,0,0.5425380572050971,False,False
2014-03-08 21:00:00,64.95266133,0,0.4994373947586459,False,False
2014-03-08 22:00:00,64.97658136,0,0.49948085989513064,False,False
2014-03-08 23:00:00,65.67719536,0,0.5101316122899977,False,False
2014-03-09 00:00:00,65.24741305,0,0.5015197671139683,False,False
2014-03-09 01:00:00,65.41542891,0,0.48848788683245226,False,False
2014-03-09 02:00:00,64.98877478,0,0.4954749067377384,False,False
2014-03-09 03:00:00,64.96988162,0,0.5221285830467126,False,False
2014-03-09 04:00:00,63.30792665,0,0.5923045343072325,False,True
2014-03-09 05:00:00,64.40463119,0,0.5369802994657353,False,False
2014-03-09 06:00:00,63.87984768,0,0.531565712723385,False,False
2014-03-09 07:00:00,62.65054877,0,0.6008868400984918,False,True
2014-03-09 08:00:00,63.64803912,0,0.5782227066454818,False,True
2014-03-09 09:00:00,63.06377998,0,0.5842457720863163,False,True
2014-03-09 10:00:00,63.08252395,0,0.5750919217617128,False,True
2014-03-09 11:00:00,62.42757669,0,0.6012672376894859,False,True
2014-03-09 12:00:00,62.08987607,0,0.6054969926483188,False,True
2014-03-09 13:00:00,61.82403302,0,0.6015871659586465,False,True
2014-03-09 14:00:00,61.80836032,0,0.600376431658529,False,True
2014-03-09 15:00:00,63.57034584,0,0.6282442372356721,True,True
2014-03-09 16:00:00,63.14298573,0,0.5964046740985987,False,True
2014-03-09 17:00:00,65.21301797,0,0.6184842379267758,False,False
2014-03-09 18:00:00,63.94421349,0,0.5837923557396808,False,False
2014-03-09 19:00:00,64.45766756,0,0.558624088028,False,False
2014-03-09 20:00:00,63.5914373,0,0.5923902200706723,False,True
2014-03-09 21:00:00,62.89815719,0,0.6041078364052377,False,True
2014-03-09 22:00:00,64.45257404,0,0.599928354449691,False,False
2014-03-09 23:00:00,64.12681763,0,0.5568235505985886,False,False
2014-03-10 00:00:00,63.49055243,0,0.5815117599437462,False,True
2014-03-10 01:00:00,63.42430336,0,0.5681414423224475,False,True
2014-03-10 02:00:00,62.15728246,0,0.6248945726368718,True,True
2014-03-10 03:00:00,62.18439593,0,0.5909973445656284,False,True
2014-03-10 04:00:00,62.23825287,0,0.5961763422417246,False,True
2014-03-10 05:00:00,61.28489989,0,0.6251495387999183,True,True
2014-03-10 06:00:00,62.43160143,0,0.6253257887572525,True,True
2014-03-10 07:00:00,62.64010591,0,0.6001121224800872,False,True
2014-03-10 08:00:00,62.75477551,0,0.5990121849362484,False,True
2014-03-10 09:00:00,63.07107014,0,0.5899574914592174,False,True
2014-03-10 10:00:00,65.36263572,0,0.6285080542250685,True,False
2014-03-10 11:00:00,67.68834829,0,0.6338333745955766,True,False
2014-03-10 12:00:00,66.78938507,0,0.6048698534173141,False,False
2014-03-10 13:00:00,67.4030453,0,0.6203421866711166,True,False
2014-03-10 14:00:00,69.22223465,0,0.6735802718261251,True,False
2014-03-10 15:00:00,68.72906724,0,0.6402908865628772,True,False
2014-03-10 16:00:00,69.43623743,0,0.6485653557987832,True,False
2014-03-10 17:00:00,70.25809179999999,0,0.623178082887176,True,False
2014-03-10 18:00:00,70.25948981,0,0.6238650137045898,True,False
2014-03-10 19:00:00,70.60726748,0,0.5962307769664419,False,False
2014-03-10 20:00:00,70.2063059,0,0.533339671715606,False,False
2014-03-10 21:00:00,69.81033474,0,0.45837928233014474,False,False
2014-03-10 22:00:00,68.24486669,0,0.4795448122742256,False,False
2014-03-10 23:00:00,68.10978258,0,0.4337738796263083,False,False
2014-03-11 00:00:00,67.63116079,0,0.4366421522828788,False,False
2014-03-11 01:00:00,68.12898944,0,0.4227895470433792,False,False
2014-03-11 02:00:00,66.93579537,0,0.48613167215803316,False,False
2014-03-11 03:00:00,67.28183681,0,0.45056426117487036,False,False
2014-03-11 04:00:00,67.12842156,0,0.4651901554227982,False,False
2014-03-11 05:00:00,65.79175844,0,0.5236588725059336,False,False
2014-03-11 06:00:00,65.13144669,0,0.5315290055861078,False,False
2014-03-11 07:00:00,66.1775294,0,0.5114113033497032,False,False
2014-03-11 08:00:00,66.51384686,0,0.4681584973461341,False,False
2014-03-11 09:00:00,66.52764863,0,0.4560096486732899,False,False
2014-03-11 10:00:00,67.78500622,0,0.47673989006282197,False,False
2014-03-11 11:00:00,69.36668186,0,0.5028778621051242,False,False
2014-03-11 12:00:00,71.10686192,0,0.5259677583502058,False,False
2014-03-11 13:00:00,71.34507296,0,0.5162337092502072,False,False
2014-03-11 14:00:00,71.63930695,0,0.5383868786946537,False,False
2014-03-11 15:00:00,70.36000942,0,0.5628634755307405,False,False
2014-03-11 16:00:00,71.98604698,0,0.6040509038859168,False,False
2014-03-11 17:00:00,71.66471114,0,0.5537782232982634,False,False
2014-03-11 18:00:00,72.72998288,0,0.5461893770131849,False,False
2014-03-11 19:00:00,72.17540433,0,0.5174884273287835,False,False
2014-03-11 20:00:00,71.92709502,0,0.47278893508743675,False,False
2014-03-11 21:00:00,70.85195269,0,0.4313979202876354,False,False
2014-03-11 22:00:00,69.01463509,0,0.48615774128378625,False,False
2014-03-11 23:00:00,68.49462169,0,0.43202637838607266,False,False
2014-03-12 00:00:00,67.48580392,0,0.493870533834899,False,False
2014-03-12 01:00:00,68.07698894,0,0.4772003570264569,False,False
2014-03-12 02:00:00,68.23106386,0,0.48098667890698055,False,False
2014-03-12 03:00:00,67.01328165,0,0.5537117453544487,False,False
2014-03-12 04:00:00,67.18611750000001,0,0.5322255959163762,False,False
2014-03-12 05:00:00,65.92239173,0,0.581831210951334,False,False
2014-03-12 06:00:00,66.38206209,0,0.5381736522683336,False,False
2014-03-12 07:00:00,66.46286064,0,0.5074691201466095,False,False
2014-03-12 08:00:00,68.24047875,0,0.5025532238628172,False,False
2014-03-12 09:00:00,68.02786863,0,0.43743155692343716,False,False
2014-03-12 10:00:00,70.1038357,0,0.5245481833191569,False,False
2014-03-12 11:00:00,70.22659164,0,0.44930515688320266,False,False
2014-03-12 12:00:00,71.37680632,0,0.4990093272277576,False,False
2014-03-12 13:00:00,70.67512681,0,0.497191938866357,False,False
2014-03-12 14:00:00,70.46297529,0,0.48266981729688285,False,False
2014-03-12 15:00:00,71.28157524,0,0.5013057643625223,False,False
2014-03-12 16:00:00,71.05593879999998,0,0.49302515397111984,False,False
2014-03-12 17:00:00,71.70627229,0,0.47574956537107055,False,False
2014-03-12 18:00:00,72.17357465,0,0.45258212344231125,False,False
2014-03-12 19:00:00,71.84544009,0,0.41615308543865676,False,False
2014-03-12 20:00:00,71.17415427,0,0.4124575005083409,False,False
2014-03-12 21:00:00,71.43730024,0,0.4094767015415022,False,False
2014-03-12 22:00:00,71.00435876,0,0.4259030661357742,False,False
2014-03-12 23:00:00,71.1510194,0,0.4309669724722527,False,False
2014-03-13 00:00:00,69.55935905,0,0.47056410560562995,False,False
2014-03-13 01:00:00,69.6460687,0,0.4138166477162255,False,False
2014-03-13 02:00:00,69.7364644,0,0.4078404607330763,False,False
2014-03-13 03:00:00,68.79399824,0,0.42794862689605145,False,False
2014-03-13 04:00:00,69.72507825,0,0.4237051337777171,False,False
2014-03-13 05:00:00,69.23149065,0,0.41343287808684226,False,False
2014-03-13 06:00:00,67.21438079,0,0.5427918347905153,False,False
2014-03-13 07:00:00,68.75934959,0,0.46803299388991715,False,False
2014-03-13 08:00:00,69.27054515,0,0.42217312962005443,False,False
2014-03-13 09:00:00,69.90997802,0,0.4177059004170454,False,False
2014-03-13 10:00:00,69.07299661,0,0.43230937544969145,False,False
2014-03-13 11:00:00,70.97799327,0,0.4912452144667631,False,False
2014-03-13 12:00:00,70.81341304,0,0.4181189929198558,False,False
2014-03-13 13:00:00,69.80737543,0,0.440625328853238,False,False
2014-03-13 14:00:00,70.50417147,0,0.421095094734018,False,False
2014-03-13 15:00:00,71.00976364,0,0.42225992406531104,False,False
2014-03-13 16:00:00,71.64484062,0,0.4230890001477635,False,False
2014-03-13 17:00:00,71.60940441,0,0.4204939713818141,False,False
2014-03-13 18:00:00,71.17635266,0,0.4082539234064171,False,False
2014-03-13 19:00:00,70.46962717,0,0.41213338185294873,False,False
2014-03-13 20:00:00,70.50548628,0,0.4061996703055314,False,False
2014-03-13 21:00:00,70.62289581,0,0.4118194295529715,False,False
2014-03-13 22:00:00,71.69910104,0,0.451001430416863,False,False
2014-03-13 23:00:00,70.73907743,0,0.45493999796872664,False,False
2014-03-14 00:00:00,69.02175496,0,0.480866445975916,False,False
2014-03-14 01:00:00,68.78503059,0,0.4118884894083792,False,False
2014-03-14 02:00:00,69.22496356,0,0.40614943256837094,False,False
2014-03-14 03:00:00,67.87748709,0,0.4673707056112908,False,False
2014-03-14 04:00:00,67.29471566,0,0.4678475389678817,False,False
2014-03-14 05:00:00,67.28621294,0,0.4594596987165651,False,False
2014-03-14 06:00:00,66.7890731,0,0.4793110487688311,False,False
2014-03-14 07:00:00,67.50432318,0,0.4739076747517847,False,False
2014-03-14 08:00:00,67.79009858,0,0.46109051305439563,False,False
2014-03-14 09:00:00,69.87567,0,0.5271550012584307,False,False
2014-03-14 10:00:00,70.21520038,0,0.42368239585781764,False,False
2014-03-14 11:00:00,71.18656942,0,0.44930002622794774,False,False
2014-03-14 12:00:00,71.67624154,0,0.4541961544821659,False,False
2014-03-14 13:00:00,71.22363341,0,0.47033665733931934,False,False
2014-03-14 14:00:00,70.43924193,0,0.4824609926598957,False,False
2014-03-14 15:00:00,70.36288978,0,0.46370418166192845,False,False
2014-03-14 16:00:00,70.79729744,0,0.4537331145985876,False,False
2014-03-14 17:00:00,70.23646361,0,0.44719220168478696,False,False
2014-03-14 18:00:00,71.73164608,0,0.4603242533286083,False,False
2014-03-14 19:00:00,70.94221602,0,0.4122434105123598,False,False
2014-03-14 20:00:00,70.53918108,0,0.42897790220631166,False,False
2014-03-14 21:00:00,70.54767727,0,0.4316212014045823,False,False
2014-03-14 22:00:00,70.90770815,0,0.43706496288389673,False,False
2014-03-14 23:00:00,69.78682182,0,0.46018633148846616,False,False
2014-03-15 00:00:00,70.91189536,0,0.46861528660732776,False,False
2014-03-15 01:00:00,70.07406754,0,0.462127212138645,False,False
2014-03-15 02:00:00,69.59586543,0,0.43546496372086735,False,False
2014-03-15 03:00:00,69.60260984,0,0.4197877138795572,False,False
2014-03-15 04:00:00,68.27877452,0,0.4539064779572922,False,False
2014-03-15 05:00:00,69.45619825,0,0.439055922324989,False,False
2014-03-15 06:00:00,68.44995951,0,0.44456854625488046,False,False
2014-03-15 07:00:00,69.73862286,0,0.44281162418306125,False,False
2014-03-15 08:00:00,68.94209701,0,0.4339156258090652,False,False
2014-03-15 09:00:00,68.18149599,0,0.4375743083542811,False,False
2014-03-15 10:00:00,68.76664235,0,0.4259276145708062,False,False
2014-03-15 11:00:00,67.45815017,0,0.46356986364925773,False,False
2014-03-15 12:00:00,67.66257636,0,0.43193881806009843,False,False
2014-03-15 13:00:00,67.77115437,0,0.43660949537404037,False,False
2014-03-15 14:00:00,67.69510921,0,0.4353785973581631,False,False
2014-03-15 15:00:00,68.11376092,0,0.4312658582058169,False,False
2014-03-15 16:00:00,68.40917826,0,0.42896433506204873,False,False
2014-03-15 17:00:00,68.68576669,0,0.4310027743042214,False,False
2014-03-15 18:00:00,68.70780771,0,0.42984193117733466,False,False
2014-03-15 19:00:00,68.52816028,0,0.45376835742761185,False,False
2014-03-15 20:00:00,67.29328776,0,0.5035256516852266,False,False
2014-03-15 21:00:00,67.71998071,0,0.45870470930785345,False,False
2014-03-15 22:00:00,66.43501296,0,0.48760249329914657,False,False
2014-03-15 23:00:00,67.6421382,0,0.47075314512841526,False,False
2014-03-16 00:00:00,67.50558169,0,0.4394521085673746,False,False
2014-03-16 01:00:00,66.63507662,0,0.4709345019579193,False,False
2014-03-16 02:00:00,66.03094617,0,0.4620129306804407,False,False
2014-03-16 03:00:00,66.85659507,0,0.4654985303895862,False,False
2014-03-16 04:00:00,65.17315838,0,0.5354561451035006,False,False
2014-03-16 05:00:00,65.21746396,0,0.48745973834125,False,False
2014-03-16 06:00:00,66.28285507,0,0.47999007241536945,False,False
2014-03-16 07:00:00,65.42152866,0,0.4924873133212998,False,False
2014-03-16 08:00:00,64.94362409,0,0.4891070608079041,False,False
2014-03-16 09:00:00,64.89450895,0,0.4899126518339956,False,False
2014-03-16 10:00:00,64.55896017,0,0.5011028357648778,False,False
2014-03-16 11:00:00,63.75135279,0,0.5451679550101224,False,True
2014-03-16 12:00:00,64.59758157,0,0.5218966888355281,False,False
2014-03-16 13:00:00,64.12270321,0,0.5138866082124963,False,False
2014-03-16 14:00:00,63.49946799,0,0.5458028893307659,False,True
2014-03-16 15:00:00,64.70090581,0,0.547281767612189,False,False
2014-03-16 16:00:00,63.79618368,0,0.5508274975153453,False,True
2014-03-16 17:00:00,64.00797024,0,0.5327092542314682,False,False
2014-03-16 18:00:00,64.72220608,0,0.5532838494709732,False,False
2014-03-16 19:00:00,62.87773689,0,0.6383897019739645,True,True
2014-03-16 20:00:00,63.82235957,0,0.5743061175545823,False,True
2014-03-16 21:00:00,63.75804636,0,0.5655400513866676,False,True
2014-03-16 22:00:00,63.15739889,0,0.601511741655239,False,True
2014-03-16 23:00:00,63.44294756,0,0.5877351452084855,False,True
2014-03-17 00:00:00,62.12890913,0,0.6260230439850023,True,True
2014-03-17 01:00:00,61.82512301,0,0.5932138560348469,False,True
2014-03-17 02:00:00,61.83080286,0,0.5971129782196922,False,True
2014-03-17 03:00:00,63.16291422,0,0.6154496379525456,False,True
2014-03-17 04:00:00,61.25053172,0,0.6599864498830494,True,True
2014-03-17 05:00:00,61.01365104,0,0.6142648089852144,False,True
2014-03-17 06:00:00,61.21543911,0,0.610659818374745,False,True
2014-03-17 07:00:00,62.37751935,0,0.6307079188620883,True,True
2014-03-17 08:00:00,62.92591945,0,0.5961440188921351,False,True
2014-03-17 09:00:00,64.87107009,0,0.6242721166468496,True,False
2014-03-17 10:00:00,64.86490926,0,0.5712623965544769,False,False
2014-03-17 11:00:00,66.04123541,0,0.6004712586625981,False,False
2014-03-17 12:00:00,67.6714638,0,0.6404657228933184,True,False
2014-03-17 13:00:00,68.92351552,0,0.6582383677826338,True,False
2014-03-17 14:00:00,67.95417072,0,0.6573148834969043,True,False
2014-03-17 15:00:00,69.769521,0,0.6665580328172317,True,False
2014-03-17 16:00:00,70.24593681,0,0.637541902599182,True,False
2014-03-17 17:00:00,69.82130302,0,0.6262523647148641,True,False
2014-03-17 18:00:00,70.83974955,0,0.6226176026006108,True,False
2014-03-17 19:00:00,70.51174374,0,0.5767528112896835,False,False
2014-03-17 20:00:00,71.02364643,0,0.5218354326767479,False,False
2014-03-17 21:00:00,68.7052537,0,0.5723680251243953,False,False
2014-03-17 22:00:00,68.11165389,0,0.45088502705818484,False,False
2014-03-17 23:00:00,68.1166531,0,0.43180531644025416,False,False
2014-03-18 00:00:00,67.21496653,0,0.471114763784367,False,False
2014-03-18 01:00:00,67.06224246,0,0.4647309138344363,False,False
2014-03-18 02:00:00,67.30972126,0,0.4596899545794504,False,False
2014-03-18 05:00:00,66.69399198,0,0.4932246242196121,False,False
2014-03-18 06:00:00,65.70506463,0,0.5364038055840191,False,False
2014-03-18 07:00:00,64.62101714,0,0.5805879480853783,False,False
2014-03-18 08:00:00,65.77618074,0,0.5575780973488759,False,False
2014-03-18 09:00:00,67.40523118,0,0.538942679836759,False,False
2014-03-18 10:00:00,68.71941661,0,0.47532133328989645,False,False
2014-03-18 11:00:00,69.61966828,0,0.47406867228087174,False,False
2014-03-18 12:00:00,70.27366665,0,0.4731170017251018,False,False
2014-03-18 13:00:00,70.56337429,0,0.4993181423427582,False,False
2014-03-18 14:00:00,70.67077922,0,0.5102577909825708,False,False
2014-03-18 15:00:00,72.26734255,0,0.5852605645838774,False,False
2014-03-18 16:00:00,70.62328355,0,0.5905203179061413,False,False
2014-03-18 17:00:00,71.06334712,0,0.5463712918250352,False,False
2014-03-18 18:00:00,71.65028164,0,0.5277186779995681,False,False
2014-03-18 19:00:00,71.77769312,0,0.4646599565736699,False,False
2014-03-18 20:00:00,70.059985,0,0.48630796156497885,False,False
2014-03-18 21:00:00,70.75799228,0,0.4068573651064004,False,False
2014-03-18 22:00:00,69.98433493,0,0.41948252038992007,False,False
2014-03-18 23:00:00,68.84969949,0,0.4327785717337961,False,False
2014-03-19 00:00:00,69.74606796,0,0.4234378726877437,False,False
2014-03-19 01:00:00,69.53952356,0,0.40683990814002785,False,False
2014-03-19 02:00:00,67.523201,0,0.5311133660923052,False,False
2014-03-19 03:00:00,67.37990329,0,0.46254563744771793,False,False
2014-03-19 04:00:00,67.41747840000001,0,0.46240370359169125,False,False
2014-03-19 05:00:00,65.93843117,0,0.5521408693725868,False,False
2014-03-19 06:00:00,66.82475179,0,0.514132496182775,False,False
2014-03-19 07:00:00,67.27135893,0,0.4669508597528248,False,False
2014-03-19 08:00:00,67.13357776,0,0.4726766632244784,False,False
2014-03-19 09:00:00,68.52772342,0,0.4695151728422765,False,False
2014-03-19 10:00:00,68.55982584,0,0.4357579717483367,False,False
2014-03-19 11:00:00,68.81377025,0,0.4328357515098611,False,False
2014-03-19 12:00:00,70.36173769,0,0.47879146236745573,False,False
2014-03-19 13:00:00,71.70237934,0,0.49634333166241934,False,False
2014-03-19 14:00:00,72.13491131,0,0.493747148560058,False,False
2014-03-19 15:00:00,72.18835193,0,0.5263083163694965,False,False
2014-03-19 16:00:00,71.92595429,0,0.5308201097530666,False,False
2014-03-19 17:00:00,71.92725603,0,0.5075658352003909,False,False
2014-03-19 18:00:00,71.54807344,0,0.4748444992822538,False,False
2014-03-19 19:00:00,70.49187639,0,0.47583361338123,False,False
2014-03-19 20:00:00,71.48653484,0,0.4440902072479729,False,False
2014-03-19 21:00:00,70.20635388,0,0.4333707058104327,False,False
2014-03-19 22:00:00,69.49279694,0,0.42052502661102725,False,False
2014-03-19 23:00:00,68.9205068,0,0.4202983290288765,False,False
2014-03-20 00:00:00,68.33056564,0,0.434176084435711,False,False
2014-03-20 01:00:00,68.82533073,0,0.4319697888917781,False,False
2014-03-20 02:00:00,68.84005375,0,0.4335634223349211,False,False
2014-03-20 03:00:00,68.31437625,0,0.4405150474480446,False,False
2014-03-20 04:00:00,66.64807821,0,0.527263400977749,False,False
2014-03-20 05:00:00,66.34454369,0,0.4875966057102172,False,False
2014-03-20 06:00:00,66.17310237,0,0.499432214738845,False,False
2014-03-20 07:00:00,66.74208658,0,0.4897341769865529,False,False
2014-03-20 08:00:00,68.01627433,0,0.4703362585036829,False,False
2014-03-20 09:00:00,68.92086970000001,0,0.44226858905128935,False,False
2014-03-20 10:00:00,70.1290524,0,0.4561448658935409,False,False
2014-03-20 11:00:00,70.85226597,0,0.4493835350680423,False,False
2014-03-20 12:00:00,70.66374179,0,0.459035992093602,False,False
2014-03-20 13:00:00,70.4602105,0,0.4707785272159085,False,False
2014-03-20 14:00:00,70.72339624,0,0.47494060876700317,False,False
2014-03-20 15:00:00,71.44960721,0,0.4960038668833348,False,False
2014-03-20 16:00:00,72.70811888,0,0.5360596510867716,False,False
2014-03-20 17:00:00,72.77820708,0,0.5117502108077632,False,False
2014-03-20 18:00:00,71.29761709,0,0.49845570948594203,False,False
2014-03-20 19:00:00,71.33906347,0,0.4123915184655527,False,False
2014-03-20 20:00:00,72.43172383,0,0.4267475070398255,False,False
2014-03-20 21:00:00,70.68626447,0,0.45038512225944044,False,False
2014-03-20 22:00:00,70.90794649,0,0.39736978169671044,False,False
2014-03-20 23:00:00,69.22547767,0,0.45544905636872174,False,False
2014-03-21 00:00:00,69.59225848,0,0.41263156256254846,False,False
2014-03-21 01:00:00,69.23210541,0,0.41793515118223434,False,False
2014-03-21 02:00:00,68.15528042,0,0.4671310754765389,False,False
2014-03-21 03:00:00,66.91203197,0,0.5314804281039437,False,False
2014-03-21 04:00:00,67.71558241,0,0.5024583553121875,False,False
2014-03-21 05:00:00,66.33452731,0,0.5419537452843985,False,False
2014-03-21 06:00:00,66.34030271,0,0.5277144561904484,False,False
2014-03-21 07:00:00,66.1824594,0,0.5363628602028623,False,False
2014-03-21 08:00:00,66.26386,0,0.5065108894977645,False,False
2014-03-21 09:00:00,68.22384891,0,0.5353822961555519,False,False
2014-03-21 10:00:00,69.16427797,0,0.4545336228678739,False,False
2014-03-21 11:00:00,69.10930036,0,0.446368400067655,False,False
2014-03-21 12:00:00,70.81803261,0,0.5019565679671644,False,False
2014-03-21 13:00:00,70.01676069,0,0.4798904246132615,False,False
2014-03-21 14:00:00,70.90161589,0,0.48489933789428874,False,False
2014-03-21 15:00:00,71.64555322,0,0.5001528433742085,False,False
2014-03-21 16:00:00,71.70339358,0,0.5205954936852396,False,False
2014-03-21 17:00:00,71.27680445,0,0.5087028452340334,False,False
2014-03-21 18:00:00,70.63130618,0,0.48249481381982073,False,False
2014-03-21 19:00:00,70.97130269,0,0.43252612512384575,False,False
2014-03-21 20:00:00,71.71353903,0,0.41645424772445977,False,False
2014-03-21 21:00:00,69.9054085,0,0.472251947825622,False,False
2014-03-21 22:00:00,69.66400387,0,0.4074113586406946,False,False
2014-03-21 23:00:00,69.16838511,0,0.4128010026752066,False,False
2014-03-22 00:00:00,69.69722981,0,0.40531657835978335,False,False
2014-03-22 01:00:00,69.15682991,0,0.40795248552961255,False,False
2014-03-22 02:00:00,68.72517924,0,0.4195254588838577,False,False
2014-03-22 03:00:00,68.35990386,0,0.42840967235800814,False,False
2014-03-22 04:00:00,67.18127785,0,0.4860680364206895,False,False
2014-03-22 05:00:00,67.94571484,0,0.44195278402467714,False,False
2014-03-22 06:00:00,66.71803036,0,0.5040652200241704,False,False
2014-03-22 07:00:00,65.66712074,0,0.525921202203887,False,False
2014-03-22 08:00:00,66.84586991,0,0.4982330751284373,False,False
2014-03-22 09:00:00,66.29208118,0,0.48001422107258873,False,False
2014-03-22 10:00:00,66.88373267,0,0.46581676855314114,False,False
2014-03-22 11:00:00,65.19948254,0,0.5594663360741725,False,False
2014-03-22 12:00:00,65.58210550000001,0,0.4964973972311127,False,False
2014-03-22 13:00:00,64.70394655,0,0.5398544035763451,False,False
2014-03-22 14:00:00,66.22315748,0,0.5176242357800421,False,False
2014-03-22 15:00:00,64.88013387,0,0.5201608153062062,False,False
2014-03-22 16:00:00,65.55529857,0,0.49151565956648985,False,False
2014-03-22 17:00:00,64.64947474,0,0.5213809540427502,False,False
2014-03-22 18:00:00,64.68176215,0,0.502121888153398,False,False
2014-03-22 19:00:00,64.80958215,0,0.5014731182687194,False,False
2014-03-22 20:00:00,65.33285671,0,0.4903136905302682,False,False
2014-03-22 21:00:00,64.36267745,0,0.5263860104045006,False,False
2014-03-22 22:00:00,64.11222793,0,0.527401362157027,False,False
2014-03-22 23:00:00,65.11150875,0,0.536745250711394,False,False
2014-03-23 00:00:00,65.33899224,0,0.5156650356693367,False,False
2014-03-23 01:00:00,65.61427437,0,0.5079076458102204,False,False
2014-03-23 02:00:00,63.77836909,0,0.6123918360000291,False,True
2014-03-23 03:00:00,63.70443845,0,0.5332667921155071,False,True
2014-03-23 04:00:00,63.46343576,0,0.5587027428425317,False,True
2014-03-23 05:00:00,63.6445251,0,0.552395294251446,False,True
2014-03-23 06:00:00,65.44047774,0,0.5745715126000407,False,False
2014-03-23 07:00:00,63.66470663,0,0.6132813184656449,False,True
2014-03-23 08:00:00,64.32136806,0,0.5412092262929525,False,False
2014-03-23 09:00:00,64.17341,0,0.5286587005715367,False,False
2014-03-23 10:00:00,64.86387244,0,0.5355072792917821,False,False
2014-03-23 11:00:00,62.98320455,0,0.6328771742172336,True,True
2014-03-23 12:00:00,63.83170364,0,0.5672636114097575,False,True
2014-03-23 13:00:00,62.81085999,0,0.616479410753936,False,True
2014-03-23 14:00:00,62.84699795,0,0.5894916223951252,False,True
2014-03-23 15:00:00,63.166335499999995,0,0.5851508113935392,False,True
2014-03-23 16:00:00,63.23431085,0,0.5824721697744463,False,True
2014-03-23 17:00:00,63.01982143,0,0.5795190578711639,False,True
2014-03-23 18:00:00,63.70769083,0,0.5779144832810859,False,True
2014-03-23 19:00:00,62.51382762,0,0.6245172715618577,True,True
2014-03-23 20:00:00,63.21955192,0,0.5922261321366736,False,True
2014-03-23 21:00:00,62.20602098,0,0.6267916955186894,True,True
2014-03-23 22:00:00,62.15285065,0,0.6202248848992848,False,True
2014-03-23 23:00:00,63.05547087,0,0.6241207488520363,True,True
2014-03-24 00:00:00,62.10293066,0,0.6558438458151522,True,True
2014-03-24 01:00:00,62.540844799999995,0,0.6309852643679102,True,True
2014-03-24 02:00:00,62.5503174,0,0.6219638804270834,True,True
2014-03-24 03:00:00,63.20486663,0,0.6189231709781153,False,True
2014-03-24 04:00:00,62.9317748,0,0.6202464095438719,False,True
2014-03-24 19:00:00,71.94336325,0,0.7174352279895979,True,False
2014-03-24 20:00:00,70.71564295,0,0.6706969383454735,True,False
2014-03-24 21:00:00,69.28811871,0,0.6695832705682656,True,False
2014-03-24 22:00:00,68.43786337,0,0.644994906754781,True,False
2014-03-24 23:00:00,68.24934959,0,0.6385499149241974,True,False
2014-03-25 00:00:00,68.47135744,0,0.624814780291423,True,False
2014-03-25 01:00:00,67.01776467,0,0.6433996386173291,True,False
2014-03-25 02:00:00,68.08328348,0,0.6232267692388969,True,False
2014-03-25 03:00:00,67.68747842,0,0.6047237873596686,False,False
2014-03-25 04:00:00,67.39799093,0,0.587712045812937,False,False
2014-03-25 05:00:00,66.2691171,0,0.5688064092096491,False,False
2014-03-25 06:00:00,65.34304105,0,0.5468241903845878,False,False
2014-03-25 07:00:00,64.77433465,0,0.5453728868631403,False,False
2014-03-25 08:00:00,66.44792487,0,0.5320033218315843,False,False
2014-03-25 09:00:00,67.26279954,0,0.4711321853542607,False,False
2014-03-25 10:00:00,67.60152815,0,0.453294928219138,False,False
2014-03-25 11:00:00,69.90530838,0,0.5518916773434303,False,False
2014-03-25 12:00:00,70.73996852,0,0.493491994347298,False,False
2014-03-25 13:00:00,70.49826866,0,0.5101630334621166,False,False
2014-03-25 14:00:00,70.2611678,0,0.511864344403556,False,False
2014-03-25 15:00:00,71.53832084,0,0.5541226844891971,False,False
2014-03-25 16:00:00,71.27033912,0,0.5544071168226342,False,False
2014-03-25 17:00:00,70.90025791,0,0.546366695322372,False,False
2014-03-25 18:00:00,71.52148116,0,0.5198204243405535,False,False
2014-03-25 19:00:00,70.28414588,0,0.48772400586395387,False,False
2014-03-25 20:00:00,71.60015916,0,0.4522166961839213,False,False
2014-03-25 21:00:00,70.28728127,0,0.4338552732771461,False,False
2014-03-25 22:00:00,68.83984168,0,0.4623508501681718,False,False
2014-03-25 23:00:00,68.49777461,0,0.4181051864881231,False,False
2014-03-26 00:00:00,69.31375581,0,0.4182774316829634,False,False
2014-03-26 01:00:00,67.72785184,0,0.4893587261518464,False,False
2014-03-26 02:00:00,68.09933961,0,0.4436535844259058,False,False
2014-03-26 03:00:00,67.25783658,0,0.48135986812470055,False,False
2014-03-26 04:00:00,66.86402700000001,0,0.4807918436065893,False,False
2014-03-26 05:00:00,66.59775853,0,0.5010975950849985,False,False
2014-03-26 06:00:00,65.53304117,0,0.5423628820416819,False,False
2014-03-26 07:00:00,66.86270078,0,0.5380804737160543,False,False
2014-03-26 08:00:00,67.50801513,0,0.4555293945382451,False,False
2014-03-26 09:00:00,67.77407736,0,0.4382348756107336,False,False
2014-03-26 10:00:00,68.52400365,0,0.4437670652079247,False,False
2014-03-26 11:00:00,69.56611683,0,0.46306417421758017,False,False
2014-03-26 12:00:00,71.28961034,0,0.5098834761910126,False,False
2014-03-26 13:00:00,70.14062086,0,0.4935542985128644,False,False
2014-03-26 14:00:00,71.034825,0,0.4893417190797347,False,False
2014-03-26 15:00:00,71.44418165,0,0.49653012449477874,False,False
2014-03-26 16:00:00,70.78327368,0,0.5078884608737675,False,False
2014-03-26 17:00:00,70.66347191,0,0.4783472094774052,False,False
2014-03-26 18:00:00,69.90711596,0,0.46165128161876784,False,False
2014-03-26 19:00:00,70.24754496,0,0.41912499403378495,False,False
2014-03-26 20:00:00,71.0175816,0,0.4223523089737298,False,False
2014-03-26 21:00:00,71.11791992,0,0.40601992974655854,False,False
2014-03-26 22:00:00,69.28691532,0,0.505226809906363,False,False
2014-03-26 23:00:00,69.27422586,0,0.41736250908572264,False,False
2014-03-27 00:00:00,70.19449054,0,0.43854592872077236,False,False
2014-03-27 01:00:00,68.77820054,0,0.45293987074387604,False,False
2014-03-27 02:00:00,68.18678053,0,0.42262622277322565,False,False
2014-03-27 03:00:00,68.85984403,0,0.4189578607489854,False,False
2014-03-27 04:00:00,67.73755512,0,0.4578437336701913,False,False
2014-03-27 05:00:00,67.49811369,0,0.44449002380287195,False,False
2014-03-27 06:00:00,66.73351538,0,0.482766138472186,False,False
2014-03-27 07:00:00,65.96544261,0,0.5145833182577298,False,False
2014-03-27 08:00:00,66.93124294,0,0.48697371735428835,False,False
2014-03-27 09:00:00,69.07779412,0,0.5138022111892318,False,False
2014-03-27 10:00:00,69.22374151,0,0.43335496896407266,False,False
2014-03-27 11:00:00,69.4535237,0,0.4334996592661959,False,False
2014-03-27 12:00:00,72.22574727,0,0.5708966983158578,False,False
2014-03-27 13:00:00,72.32609476,0,0.5039310689554238,False,False
2014-03-27 14:00:00,72.0268521,0,0.528273260090154,False,False
2014-03-27 15:00:00,71.58630641,0,0.5313644500727146,False,False
2014-03-27 16:00:00,70.57044597,0,0.5424599505241064,False,False
2014-03-27 17:00:00,71.2768215,0,0.5168213915369393,False,False
2014-03-27 18:00:00,71.55483881,0,0.49252213277780527,False,False
2014-03-27 19:00:00,72.03927682,0,0.4463888268576901,False,False
2014-03-27 20:00:00,71.48654663,0,0.41281292163577055,False,False
2014-03-27 21:00:00,70.86464227,0,0.3966265154087881,False,False
2014-03-27 22:00:00,69.35637651,0,0.44022348487780044,False,False
2014-03-27 23:00:00,69.61239792,0,0.40736063715371834,False,False
2014-03-28 00:00:00,68.43977756,0,0.445607768600895,False,False
2014-03-28 01:00:00,68.1853957,0,0.43431294567179995,False,False
2014-03-28 02:00:00,67.29170594,0,0.48340045937486087,False,False
2014-03-28 03:00:00,68.42970414,0,0.4740669845946389,False,False
2014-03-28 04:00:00,67.05828335,0,0.5227118540286607,False,False
2014-03-28 05:00:00,66.50295007,0,0.5154785945207494,False,False
2014-03-28 06:00:00,67.00732027,0,0.5021583184139831,False,False
2014-03-28 07:00:00,65.42638245,0,0.5648361572431313,False,False
2014-03-28 08:00:00,67.67939638,0,0.5500420827058404,False,False
2014-03-28 09:00:00,67.02204681,0,0.4680911753805748,False,False
2014-03-28 10:00:00,68.54764706,0,0.4830593117168904,False,False
2014-03-28 11:00:00,69.4655308,0,0.4521603953918145,False,False
2014-03-28 12:00:00,70.43402561,0,0.46343334123782776,False,False
2014-03-28 13:00:00,71.9389561,0,0.528549076732783,False,False
2014-03-28 14:00:00,70.81297494,0,0.5171870826457022,False,False
2014-03-28 15:00:00,70.81249572,0,0.502963087490034,False,False
2014-03-28 16:00:00,70.15898776,0,0.5102519514036372,False,False
2014-03-28 17:00:00,71.64451052,0,0.5306840799041476,False,False
2014-03-28 18:00:00,70.19782359,0,0.5217171249192892,False,False
2014-03-28 19:00:00,70.58227035,0,0.4236742566506947,False,False
2014-03-28 20:00:00,71.2087204,0,0.42271342291418174,False,False
2014-03-28 21:00:00,70.20658031,0,0.41737172099883635,False,False
2014-03-28 22:00:00,71.01175909999998,0,0.4314781684021495,False,False
2014-03-28 23:00:00,68.85446017,0,0.52371765039568,False,False
2014-03-29 00:00:00,69.98331416,0,0.4390008126049821,False,False
2014-03-29 01:00:00,68.46446529,0,0.4593696473752292,False,False
2014-03-29 02:00:00,68.73818002,0,0.41868297434204527,False,False
2014-03-29 03:00:00,69.062706,0,0.4110059904936739,False,False
2014-03-29 04:00:00,68.38697286,0,0.4370562740164322,False,False
2014-03-29 05:00:00,67.58387429,0,0.4537999055649884,False,False
2014-03-29 06:00:00,67.83077241,0,0.4342178406016889,False,False
2014-03-29 07:00:00,68.81423687,0,0.4361525124996281,False,False
2014-03-29 08:00:00,66.69042351,0,0.5510087235567999,False,False
2014-03-29 09:00:00,66.36840797,0,0.4624745016389348,False,False
2014-03-29 10:00:00,66.61346754,0,0.45867800488128996,False,False
2014-03-29 11:00:00,67.33922911,0,0.45177618539188563,False,False
2014-03-29 12:00:00,66.9322944,0,0.4456229147061013,False,False
2014-03-29 13:00:00,66.76955124,0,0.4477220928262847,False,False
2014-03-29 14:00:00,66.00830414,0,0.4709464295924246,False,False
2014-03-29 15:00:00,66.7799832,1,0.46880464799214355,False,False
2014-03-29 16:00:00,66.58172048,1,0.45761660731088855,False,False
2014-03-29 17:00:00,67.11698683,1,0.4596437603175419,False,False
2014-03-29 18:00:00,66.15598172,1,0.48963639178280494,False,False
2014-03-29 19:00:00,66.69489329,1,0.5227467360576455,False,False
2014-03-29 20:00:00,64.82380273,1,0.5714893354603447,False,False
2014-03-29 21:00:00,65.2430426,1,0.48570033617712405,False,False
2014-03-29 22:00:00,65.21164883,1,0.4801155597014682,False,False
2014-03-29 23:00:00,64.54188892,1,0.5001709445542912,False,False
2014-03-30 00:00:00,64.8747141,1,0.4952203796419237,False,False
2014-03-30 01:00:00,65.4966696,1,0.4888784142557592,False,False
2014-03-30 02:00:00,65.38109608,1,0.4817791830969807,False,False
2014-03-30 03:00:00,65.02897391,1,0.494400714934202,False,False
2014-03-30 04:00:00,64.67595377,1,0.5071746813390337,False,False
2014-03-30 05:00:00,64.44424833,1,0.5052366064224183,False,False
2014-03-30 06:00:00,64.25219739,1,0.5125180891106913,False,False
2014-03-30 07:00:00,65.40018788,1,0.5682837407029829,False,False
2014-03-30 08:00:00,63.73067948,1,0.6053286019884734,False,True
2014-03-30 09:00:00,64.20889648,1,0.5387470325180209,False,False
2014-03-30 10:00:00,63.45681538,1,0.5662565451383195,False,True
2014-03-30 11:00:00,64.48807692,1,0.5420463303334883,False,False
2014-03-30 12:00:00,63.79730874,1,0.5500850450081203,False,True
2014-03-30 13:00:00,64.36082107,1,0.5458610927642358,False,False
2014-03-30 14:00:00,63.84830762,1,0.5647841131479673,False,True
2014-03-30 15:00:00,65.51296869,1,0.574335079885216,False,False
2014-03-30 16:00:00,65.48389278,1,0.5105447643644704,False,False
2014-03-30 17:00:00,65.75005021,1,0.5151008109542986,False,False
2014-03-30 18:00:00,64.65810145,1,0.5471316139254918,False,False
2014-03-30 19:00:00,64.36282383,1,0.5276223807237985,False,False
2014-03-30 20:00:00,64.99007209,1,0.5220156277637358,False,False
2014-03-30 21:00:00,65.34666001,1,0.5090949600638964,False,False
2014-03-30 22:00:00,65.39531562,1,0.49208483707420936,False,False
2014-03-30 23:00:00,64.45329069,1,0.529540187305652,False,False
2014-03-31 00:00:00,64.61712504,1,0.5230329225907674,False,False
2014-03-31 01:00:00,63.75428142,1,0.5454673625430247,False,True
2014-03-31 02:00:00,63.49502357,1,0.543328321903913,False,True
2014-03-31 03:00:00,64.12967698,1,0.5303031682232572,False,False
2014-03-31 04:00:00,63.69871435,1,0.5548937172749709,False,True
2014-03-31 05:00:00,62.31748849,1,0.620751326274721,True,True
2014-03-31 06:00:00,62.56249792,1,0.5935772973244222,False,True
2014-03-31 07:00:00,62.083133,1,0.6090708774902567,False,True
2014-03-31 08:00:00,64.28414943,1,0.6301924670999443,True,False
2014-03-31 09:00:00,63.94397227,1,0.5471967973309266,False,False
2014-03-31 10:00:00,65.76317725,1,0.5949825344006332,False,False
2014-03-31 11:00:00,67.38934556,1,0.5832810302083008,False,False
2014-03-31 12:00:00,66.79761934,1,0.5668225578476609,False,False
2014-03-31 13:00:00,67.51730856,1,0.5741727046899655,False,False
2014-03-31 14:00:00,69.42271076,1,0.6447143376971307,True,False
2014-03-31 15:00:00,69.86566479,1,0.6268267649492094,True,False
2014-03-31 16:00:00,69.47338876,1,0.6346752880705534,True,False
2014-03-31 17:00:00,70.95110588,1,0.6408134228478658,True,False
2014-03-31 18:00:00,71.56889705,1,0.6201519229357428,False,False
2014-03-31 19:00:00,70.99062865,1,0.5786792203647415,False,False
2014-03-31 20:00:00,70.60246289,1,0.5364534186424718,False,False
2014-03-31 21:00:00,68.00017618,1,0.5786359261568754,False,False
2014-03-31 22:00:00,68.25783759999999,1,0.45351309739633283,False,False
2014-03-31 23:00:00,68.63980318,1,0.437707706842088,False,False
2014-04-01 00:00:00,68.32316289,1,0.4374860178342653,False,False
2014-04-01 01:00:00,66.43383631,1,0.5494167890533629,False,False
2014-04-01 02:00:00,67.18821052,1,0.48117568880681877,False,False
2014-04-01 03:00:00,67.27079193,1,0.4850069284845147,False,False
2014-04-01 04:00:00,65.27791142,1,0.6063318065813859,False,False
2014-04-01 05:00:00,64.67375005,1,0.5861665391982585,False,False
2014-04-01 06:00:00,63.96850495,1,0.6070052873540898,False,False
2014-04-01 07:00:00,64.60849643,1,0.57792023171804,False,False
2014-04-01 08:00:00,65.56452156,1,0.5407328551894016,False,False
2014-04-01 09:00:00,66.5334125,1,0.5206800695821848,False,False
2014-04-01 10:00:00,68.23406291,1,0.5402416249150301,False,False
2014-04-01 11:00:00,68.56959033,1,0.49348467004879576,False,False
2014-04-01 12:00:00,69.70420104,1,0.5237269156492624,False,False
2014-04-01 13:00:00,69.63981849,1,0.5397120819443819,False,False
2014-04-01 14:00:00,70.22222824,1,0.5555064735143925,False,False
2014-04-01 15:00:00,70.31535411,1,0.5774856213885633,False,False
2014-04-01 16:00:00,71.95951248,1,0.6251559611982072,True,False
2014-04-01 17:00:00,71.24637137,1,0.5808234040887538,False,False
2014-04-01 18:00:00,71.58768312,1,0.5319264742529574,False,False
2014-04-01 19:00:00,70.42108950000002,1,0.5115210403106019,False,False
2014-04-01 20:00:00,71.20646965,1,0.4420940358896104,False,False
2014-04-01 21:00:00,70.61530009,1,0.4189000970743749,False,False
2014-04-01 22:00:00,70.06998582,1,0.4062065114020189,False,False
2014-04-01 23:00:00,69.29171113,1,0.4226951722018943,False,False
2014-04-02 00:00:00,67.85447566,1,0.46557372496415733,False,False
2014-04-02 01:00:00,68.24887826,1,0.432357224943392,False,False
2014-04-02 02:00:00,68.76715290000001,1,0.4293497546845146,False,False
2014-04-02 03:00:00,68.21590455,1,0.4443181801982644,False,False
2014-04-02 04:00:00,66.42226253,1,0.5479509697938203,False,False
2014-04-02 05:00:00,67.39517591,1,0.48684303948369534,False,False
2014-04-02 06:00:00,65.36892099,1,0.5932694391294242,False,False
2014-04-02 07:00:00,66.25362724,1,0.5233255740267396,False,False
2014-04-02 08:00:00,66.59754547,1,0.48636078488360873,False,False
2014-04-02 09:00:00,67.72967658,1,0.46992620517414,False,False
2014-04-02 10:00:00,68.48225745,1,0.44751895256470425,False,False
2014-04-02 11:00:00,69.92320652,1,0.4859683334922334,False,False
2014-04-02 12:00:00,70.58513885,1,0.4549516997496467,False,False
2014-04-02 13:00:00,71.41308851,1,0.49341939584045535,False,False
2014-04-02 14:00:00,70.3227835,1,0.5145161390628155,False,False
2014-04-02 15:00:00,71.11789389,1,0.5131903891097073,False,False
2014-04-02 16:00:00,69.47243025,1,0.5434469933433642,False,False
2014-04-02 17:00:00,70.89176392,1,0.5266711626600015,False,False
2014-04-02 18:00:00,71.46215140000002,1,0.46724208208884443,False,False
2014-04-02 19:00:00,71.40483009,1,0.4364378883590628,False,False
2014-04-02 20:00:00,72.2868221,1,0.4308632023418036,False,False
2014-04-02 21:00:00,69.7696442,1,0.5091919806522247,False,False
2014-04-02 22:00:00,69.85857394,1,0.4042058810235486,False,False
2014-04-02 23:00:00,70.29044092,1,0.40726140262942656,False,False
2014-04-03 00:00:00,69.18897735,1,0.42360978191760545,False,False
2014-04-03 01:00:00,68.25903615,1,0.4438220729028833,False,False
2014-04-03 02:00:00,69.48405619,1,0.4451508470752831,False,False
2014-04-03 03:00:00,69.03729828,1,0.421180016393413,False,False
2014-04-03 04:00:00,68.99054634,1,0.4170919822233999,False,False
2014-04-03 05:00:00,66.96693467,1,0.5538807998230854,False,False
2014-04-03 06:00:00,67.79585605,1,0.45650862091122507,False,False
2014-04-03 07:00:00,67.30111228,1,0.4590352500468986,False,False
2014-04-03 08:00:00,68.06321777,1,0.4357134063845127,False,False
2014-04-03 09:00:00,68.92309559,1,0.4283811313655131,False,False
2014-04-10 15:00:00,69.95467957,1,0.43920922629709075,False,False
2014-04-10 16:00:00,69.99969109999999,1,0.41721235266895634,False,False
2014-04-10 17:00:00,70.46057561,1,0.4245706619255862,False,False
2014-04-10 18:00:00,69.69177635,1,0.4414036574416132,False,False
2014-04-10 19:00:00,71.01239837,1,0.4515480137111013,False,False
2014-04-10 20:00:00,69.3636139,1,0.4819119177141392,False,False
2014-04-10 21:00:00,69.23956202,1,0.4246476660751334,False,False
2014-04-10 22:00:00,69.02602271,1,0.4215386263101894,False,False
2014-04-10 23:00:00,67.66881974,1,0.4673511464561032,False,False
2014-04-11 00:00:00,66.9784945,1,0.465872057348479,False,False
2014-04-11 01:00:00,66.1376634,1,0.49708686287747533,False,False
2014-04-11 02:00:00,65.64125076,1,0.5188102986049382,False,False
2014-04-11 03:00:00,64.99436157,1,0.5597252653077825,False,False
2014-04-11 04:00:00,64.15511608,1,0.6052562063384188,False,False
2014-04-11 05:00:00,62.70299143,1,0.6694509018234736,True,True
2014-04-11 06:00:00,63.83944116,1,0.6358145436643279,True,True
2014-04-11 07:00:00,62.44194873,1,0.6699144911803223,True,True
2014-04-11 08:00:00,62.37114409,1,0.6488346966528356,True,True
2014-04-11 09:00:00,65.37565585,1,0.6602939707678589,True,False
2014-04-11 10:00:00,65.96957647,1,0.5575184875412671,False,False
2014-04-11 11:00:00,66.59359265,1,0.5399769213909953,False,False
2014-04-11 12:00:00,68.33141592,1,0.5800763139992026,False,False
2014-04-11 13:00:00,68.92824643,1,0.5844330963337547,False,False
2014-04-11 14:00:00,69.4470812,1,0.6135781211977704,False,False
2014-04-11 15:00:00,70.69379188,1,0.63705054172558,True,False
2014-04-11 16:00:00,68.80751333,1,0.6691583893840036,True,False
2014-04-11 17:00:00,69.77099451,1,0.625237909988339,True,False
2014-04-11 18:00:00,69.4302069,1,0.6122269569070661,False,False
2014-04-11 19:00:00,69.69943799,1,0.5470728464571015,False,False
2014-04-11 20:00:00,68.39255358,1,0.49763240254609464,False,False
2014-04-11 21:00:00,69.67023519,1,0.4564010319144138,False,False
2014-04-11 22:00:00,68.57844056,1,0.4411334264440772,False,False
2014-04-11 23:00:00,67.05017892,1,0.48427268180891675,False,False
2014-04-12 00:00:00,68.53844670000001,1,0.4619275170758614,False,False
2014-04-12 01:00:00,66.58977222,1,0.535008702374093,False,False
2014-04-12 02:00:00,66.4437355,1,0.46911665783515677,False,False
2014-04-12 03:00:00,66.63975574,1,0.46330515849297016,False,False
2014-04-12 04:00:00,65.35200151,1,0.5384593567672793,False,False
2014-04-12 05:00:00,66.56495507,1,0.5064342739086265,False,False
2014-04-12 06:00:00,64.62244069,1,0.5974088307858172,False,False
2014-04-12 07:00:00,64.9923665,1,0.5267134714886973,False,False
2014-04-12 08:00:00,63.97746263,1,0.5779248141431823,False,False
2014-04-12 09:00:00,64.18268808,1,0.5423999101587723,False,False
2014-04-12 10:00:00,64.55629521,1,0.5332786189568814,False,False
2014-04-12 11:00:00,63.96192594,1,0.5582795877035726,False,False
2014-04-12 12:00:00,63.56770877,1,0.5528164701053879,False,True
2014-04-12 13:00:00,63.45102885,1,0.5546131128920503,False,True
2014-04-12 14:00:00,62.75664373,1,0.6068764639290858,False,True
2014-04-12 15:00:00,61.88488434,1,0.6308678938126174,True,True
2014-04-12 16:00:00,61.97105163,1,0.618360615825075,False,True
2014-04-12 17:00:00,62.03644725,1,0.6063196263753048,False,True
2014-04-12 18:00:00,62.85879831,1,0.6068036948612976,False,True
2014-04-12 19:00:00,61.75532146,1,0.6274545968822951,True,True
2014-04-12 20:00:00,60.33080311,1,0.662941429833434,True,True
2014-04-12 21:00:00,61.31862007,1,0.634310160037582,True,True
2014-04-12 22:00:00,61.26515428,1,0.609601702959542,False,True
2014-04-12 23:00:00,59.564727100000006,1,0.6646425440884449,True,True
2014-04-13 00:00:00,59.92144785,1,0.6193953361528572,False,True
2014-04-13 01:00:00,60.09354127,1,0.6137877640986135,False,True
2014-04-13 02:00:00,59.92218636,1,0.6110702826278096,False,True
2014-04-13 03:00:00,58.86227492,1,0.6444467762698631,True,True
2014-04-13 04:00:00,58.77714115,1,0.6299371662410723,True,True
2014-04-13 05:00:00,59.41074654,1,0.631296487318697,True,True
2014-04-13 06:00:00,57.84457312,1,0.655406854179464,True,True
2014-04-13 07:00:00,58.38952164,1,0.6198471545001843,False,True
2014-04-13 08:00:00,59.12502309,1,0.6232698553515512,True,True
2014-04-13 09:00:00,57.45840559,1,0.6505553985172429,True,True
2014-04-13 10:00:00,58.23364994,1,0.618239426262251,False,True
2014-04-13 11:00:00,58.73348655,1,0.6197230003946912,False,True
2014-04-13 12:00:00,58.97261213,1,0.610943007068976,False,True
2014-04-13 13:00:00,60.25792529,1,0.6382531258466678,True,True
2014-04-13 14:00:00,59.15943501,1,0.632393419192334,True,True
2014-04-13 15:00:00,60.26702164,1,0.6269506020952718,True,True
2014-04-13 16:00:00,59.20056905,1,0.6273873611227649,True,True
2014-04-13 17:00:00,59.42050888,1,0.605598448093505,False,True
2014-04-13 18:00:00,59.61076035,1,0.6101495361863776,False,True
2014-04-13 19:00:00,59.3758448,1,0.6087687921550179,False,True
2014-04-13 20:00:00,60.45036956,1,0.6277808314588176,True,True
2014-04-13 21:00:00,60.38321276,1,0.6039842661921816,False,True
2014-04-13 22:00:00,59.91094693,1,0.6256026443692878,True,True
2014-04-13 23:00:00,60.28396361,1,0.6257342247861563,True,True
2014-04-14 00:00:00,58.83249363,1,0.6637333808514988,True,True
2014-04-14 01:00:00,60.184197,1,0.6483206473108151,True,True
2014-04-14 02:00:00,60.57384958,1,0.6241886793731055,True,True
2014-04-14 03:00:00,60.58416247,1,0.6153943763262505,False,True
2014-04-14 04:00:00,59.54132737,1,0.649550868358032,True,True
2014-04-14 05:00:00,60.578911899999994,1,0.6393366555473814,True,True
2014-04-14 06:00:00,59.20245134,1,0.6527316203203287,True,True
2014-04-14 07:00:00,59.53629772,1,0.6218201859380578,True,True
2014-04-14 08:00:00,61.42760267,1,0.661756617817533,True,True
2014-04-14 09:00:00,62.35052077,1,0.6239788168763403,True,True
2014-04-14 10:00:00,63.87302969,1,0.6264567117695515,True,False
2014-04-14 11:00:00,63.95474106,1,0.6109648880516209,False,False
2014-04-14 12:00:00,64.33255339,1,0.6186056504516891,False,False
2014-04-14 13:00:00,66.89048639,1,0.6984785054399789,True,False
2014-04-14 14:00:00,66.76290578,1,0.6623029625395531,True,False
2014-04-14 15:00:00,68.22765033,1,0.6816343013447693,True,False
2014-04-14 16:00:00,68.66217484,1,0.6612752896421151,True,False
2014-04-14 17:00:00,68.77584664,1,0.6615775044298102,True,False
2014-04-14 18:00:00,69.85149804,1,0.6484180838662148,True,False
2014-04-14 19:00:00,69.64134024,1,0.6307164186646156,True,False
2014-04-14 20:00:00,68.67883235,1,0.605661293476751,False,False
2014-04-14 21:00:00,66.53906385,1,0.6272143833588242,True,False
2014-04-14 22:00:00,66.75587974,1,0.5160354564403841,False,False
2014-04-14 23:00:00,66.67419463,1,0.49506900314998575,False,False
2014-04-15 00:00:00,65.2054392,1,0.5531992197511983,False,False
2014-04-15 01:00:00,65.2363275,1,0.5212794651789969,False,False
2014-04-15 02:00:00,63.50605093,1,0.6375033596875456,True,True
2014-04-15 03:00:00,64.46464095,1,0.5995158925984729,False,False
2014-04-15 04:00:00,63.51738461,1,0.630500352609309,True,True
2014-04-15 05:00:00,63.61950823,1,0.6216200593818455,True,True
2014-04-15 06:00:00,62.96296552,1,0.6382765117352917,True,True
2014-04-15 07:00:00,61.77349005,1,0.6511267397658538,True,True
2014-04-15 08:00:00,63.95443765,1,0.6498229227909199,True,False
2014-04-15 09:00:00,63.98985647,1,0.5719854436152064,False,False
2014-04-15 10:00:00,66.04334863,1,0.6105563711853726,False,False
2014-04-15 11:00:00,68.14218819999999,1,0.6093532585490774,False,False
2014-04-15 12:00:00,68.61566659,1,0.5736293159571048,False,False
2014-04-15 13:00:00,68.80427879999999,1,0.6051606169827362,False,False
2014-04-15 14:00:00,70.24867959,1,0.6477577877646558,True,False
2014-04-15 15:00:00,68.84215496,1,0.6473902856809077,True,False
2014-04-15 16:00:00,71.07422118,1,0.6673255261055774,True,False
2014-04-15 17:00:00,70.7975171,1,0.6266215171614523,True,False
2014-04-15 18:00:00,70.00379538,1,0.609174932957872,False,False
2014-04-15 19:00:00,69.63818207,1,0.5482085390019974,False,False
2014-04-15 20:00:00,71.11138859,1,0.5401184325661089,False,False
2014-04-15 21:00:00,68.9745537,1,0.534017797218524,False,False
2014-04-15 22:00:00,68.41451411,1,0.42950125638529224,False,False
2014-04-15 23:00:00,67.63084599,1,0.45293132854532403,False,False
2014-04-16 00:00:00,65.73481705,1,0.5558393353150722,False,False
2014-04-16 01:00:00,65.50434383,1,0.5340348752508909,False,False
2014-04-16 02:00:00,64.79166617,1,0.5900549957620014,False,False
2014-04-16 03:00:00,63.9183871,1,0.6239692481392501,True,False
2014-04-16 04:00:00,64.49704161,1,0.621814529400719,True,False
2014-04-16 05:00:00,63.67515316,1,0.6499072574589447,True,True
2014-04-16 06:00:00,62.46829544,1,0.6725316270341583,True,True
2014-04-16 07:00:00,63.58707467,1,0.6467338322313403,True,True
2014-04-16 08:00:00,64.98478124,1,0.6108552396101278,False,False
2014-04-16 09:00:00,64.79823783,1,0.5699424614361787,False,False
2014-04-16 10:00:00,67.37766731,1,0.6026888524889099,False,False
2014-04-16 11:00:00,67.53637026,1,0.5161177610845294,False,False
2014-04-16 12:00:00,68.93675906,1,0.5677041178467385,False,False
2014-04-16 13:00:00,69.01582856,1,0.5890087880846372,False,False
2014-04-16 14:00:00,70.01135347,1,0.608936103637654,False,False
2014-04-16 15:00:00,70.54341131,1,0.6146470548766587,False,False
2014-04-16 16:00:00,70.35620490000001,1,0.6268995035306791,True,False
2014-04-16 17:00:00,72.05054652,1,0.6463953965767365,True,False
2014-04-16 18:00:00,70.83587447,1,0.5961271007045733,False,False
2014-04-16 19:00:00,71.22103625,1,0.5285358898065903,False,False
2014-04-16 20:00:00,70.22217235,1,0.512045269201415,False,False
2014-04-16 21:00:00,69.83271805,1,0.42930075244482513,False,False
2014-04-16 22:00:00,67.95233259,1,0.5212767477710423,False,False
2014-04-16 23:00:00,67.65108997,1,0.44375620940947363,False,False
2014-04-17 00:00:00,67.466994,1,0.46140484051574376,False,False
2014-04-17 01:00:00,65.22016644,1,0.6096588305526291,False,False
2014-04-17 02:00:00,65.24342103,1,0.5710226733235513,False,False
2014-04-17 03:00:00,64.62596906,1,0.6068989665059475,False,False
2014-04-17 04:00:00,63.67041499,1,0.650049450193786,True,True
2014-04-17 05:00:00,64.21771116,1,0.6299887799451928,True,False
2014-04-17 06:00:00,62.40771234,1,0.6981803432328259,True,True
2014-04-17 07:00:00,64.25745568,1,0.6550530233799556,True,False
2014-04-17 08:00:00,63.78224775,1,0.6227759165172598,True,True
2014-04-17 09:00:00,65.71063960000001,1,0.609030631682581,False,False
2014-04-17 10:00:00,66.77957199,1,0.5492831991434726,False,False
2014-04-17 11:00:00,68.38229729,1,0.5661841199383097,False,False
2014-04-17 12:00:00,68.29797018,1,0.5372889962249483,False,False
2014-04-17 13:00:00,70.41445853,1,0.6433579308006747,True,False
2014-04-17 14:00:00,68.73075749,1,0.6441438259355887,True,False
2014-04-17 15:00:00,70.53796369999998,1,0.6421766666419584,True,False
2014-04-17 16:00:00,69.84495909999998,1,0.626595424435797,True,False
2014-04-17 17:00:00,69.92419335,1,0.6084406051670149,False,False
2014-04-17 18:00:00,70.06645502,1,0.540156400770388,False,False
2014-04-17 19:00:00,70.01194478,1,0.5129701701492556,False,False
2014-04-17 20:00:00,70.75213902,1,0.446641309561376,False,False
2014-04-17 21:00:00,70.23146023,1,0.43409099208865415,False,False
2014-04-17 22:00:00,68.89087654,1,0.45614326725147497,False,False
2014-04-17 23:00:00,68.74794199,1,0.4296582121445518,False,False
2014-04-18 00:00:00,68.6134614,1,0.43274797913987273,False,False
2014-04-18 01:00:00,67.80409959999999,1,0.44509494988168186,False,False
2014-04-18 02:00:00,66.81999556,1,0.4831583990188033,False,False
2014-04-18 03:00:00,66.76963018,1,0.4624842306593949,False,False
2014-04-18 04:00:00,65.69553058,1,0.5261307208436502,False,False
2014-04-18 05:00:00,65.73002042,1,0.5152210063482738,False,False
2014-04-18 06:00:00,65.04376513,1,0.5588153800585772,False,False
2014-04-18 07:00:00,64.66042336,1,0.5743835479691607,False,False
2014-04-18 08:00:00,66.66369506,1,0.5817139763762587,False,False
2014-04-18 09:00:00,66.91478029,1,0.4861904102026505,False,False
2014-04-18 10:00:00,68.35124962,1,0.5046494039239873,False,False
2014-04-18 11:00:00,68.53892428,1,0.4736010629203143,False,False
2014-04-18 12:00:00,69.18079834,1,0.4743852701371322,False,False
2014-04-18 13:00:00,70.04821235,1,0.5065927154857455,False,False
2014-04-18 14:00:00,69.09186246,1,0.5169221659919162,False,False
2014-04-18 15:00:00,70.13679966,1,0.51658488741916,False,False
2014-04-18 16:00:00,68.64486802,1,0.5447707904181812,False,False
2014-04-18 17:00:00,69.10913357,1,0.47386998967850835,False,False
2014-04-18 18:00:00,69.34877115,1,0.4522103908987011,False,False
2014-04-18 19:00:00,70.06810868,1,0.42876015724026223,False,False
2014-04-18 20:00:00,69.68681363,1,0.41777752447153355,False,False
2014-04-18 21:00:00,69.28946496,1,0.4341057806897823,False,False
2014-04-18 22:00:00,68.10328878,1,0.46643500343325767,False,False
2014-04-18 23:00:00,68.52704977,1,0.4307723150769775,False,False
2014-04-19 00:00:00,67.80210719,1,0.44758178494931683,False,False
2014-04-19 01:00:00,66.29263566,1,0.4964478733944068,False,False
2014-04-19 02:00:00,66.15580573,1,0.472410423671561,False,False
2014-04-19 03:00:00,65.50262029,1,0.5124306671675019,False,False
2014-04-19 04:00:00,65.67858252,1,0.5111827185613907,False,False
2014-04-19 05:00:00,66.76499604,1,0.5168147834021859,False,False
2014-04-19 06:00:00,65.38745208,1,0.5625514711493039,False,False
2014-04-19 07:00:00,64.95897072,1,0.537654896191014,False,False
2014-04-19 08:00:00,64.77271857,1,0.5378076400843589,False,False
2014-04-19 09:00:00,64.36173315,1,0.5305321044904873,False,False
2014-04-19 10:00:00,65.1175339,1,0.5175671403216819,False,False
2014-04-19 11:00:00,64.06584001,1,0.5370637417269722,False,False
2014-04-19 12:00:00,63.84447255,1,0.5179941492721061,False,True
2014-04-19 13:00:00,63.69995847,1,0.5318827334523281,False,True
2014-04-19 14:00:00,64.95980589,1,0.5392745283724631,False,False
2014-04-19 15:00:00,64.54564962,1,0.5096606164832298,False,False
2014-04-19 16:00:00,64.92641544,1,0.5136095188846858,False,False
2014-04-19 17:00:00,64.05690668,1,0.5687862204667822,False,False
2014-04-19 18:00:00,65.14093075,1,0.5643918218552444,False,False
2014-04-19 19:00:00,65.37596399,1,0.5291077987421979,False,False
2014-04-19 20:00:00,64.49955643,1,0.5640237749941024,False,False
2014-04-19 21:00:00,64.61511022,1,0.5423594546163261,False,False
2014-04-19 22:00:00,64.38633566,1,0.5506756058371028,False,False
2014-04-19 23:00:00,64.6986036,1,0.5564922854291937,False,False
2014-04-20 00:00:00,63.69621365,1,0.6016036253086032,False,True
2014-04-20 01:00:00,63.46227468,1,0.5743096966445711,False,True
2014-04-20 02:00:00,61.73732749,1,0.6382395602870558,True,True
2014-04-20 03:00:00,62.88858987,1,0.6054772736021373,False,True
2014-04-20 04:00:00,62.02517391,1,0.6236067632535425,True,True
2014-04-20 05:00:00,61.32938908,1,0.6374604589441856,True,True
2014-04-20 06:00:00,61.58004254,1,0.6279679715336028,True,True
2014-04-20 07:00:00,60.95237553,1,0.6428573839359075,True,True
2014-04-20 08:00:00,60.85101193,1,0.6359699898081749,True,True
2014-04-20 09:00:00,59.91009200000001,1,0.6543575217572759,True,True
2014-04-20 10:00:00,60.32414667,1,0.6371592383477136,True,True
2014-04-20 11:00:00,61.24486641,1,0.6294506771910704,True,True
2014-04-20 12:00:00,59.66938197,1,0.6539204602592762,True,True
2014-04-20 13:00:00,61.12053222,1,0.6419270041856177,True,True
2014-04-20 14:00:00,61.88004071,1,0.6179155900420426,False,True
2014-04-20 15:00:00,60.49012871,1,0.6435503797233824,True,True
2014-04-20 16:00:00,61.00233827,1,0.6155345027164716,False,True
2014-04-20 17:00:00,61.7659068,1,0.6249631615233363,True,True
2014-04-20 18:00:00,60.26541206,1,0.649599934228633,True,True
2014-04-20 19:00:00,60.71115886,1,0.6158206173703742,False,True
2014-04-20 20:00:00,60.52159375,1,0.6079037723532535,False,True
2014-04-20 21:00:00,61.72193037,1,0.6351547143791814,True,True
2014-04-20 22:00:00,60.84591691,1,0.6316476291387992,True,True
2014-04-20 23:00:00,60.77650542,0,0.604261515946292,False,True
2014-04-21 00:00:00,60.2969507,0,0.6280576351346688,True,True
2014-04-21 01:00:00,60.50295653,0,0.6219988083869427,True,True
2014-04-21 02:00:00,60.86537483,0,0.6313417745463006,True,True
2014-04-21 03:00:00,60.31204125,0,0.6353134340823188,True,True
2014-04-21 04:00:00,59.84361371,0,0.628147451346331,True,True
2014-04-21 05:00:00,60.93695396,0,0.6475077815291469,True,True
2014-04-21 06:00:00,61.29175138,0,0.6313417745463006,True,True
2014-04-21 07:00:00,61.35624139,0,0.6252151846323205,True,True
2014-04-21 08:00:00,62.51476508,0,0.6300049269512489,True,True
2014-04-21 09:00:00,62.43283694,0,0.604678123310701,False,True
2014-04-21 10:00:00,64.91681271,0,0.654471213508229,True,False
2014-04-21 11:00:00,65.39698618,0,0.5982107055497428,False,False
2014-04-21 12:00:00,65.915587,0,0.6254582266508938,True,False
2014-04-21 13:00:00,67.29050932,0,0.6718804070344951,True,False
2014-04-21 14:00:00,68.45738752,0,0.672383078047379,True,False
2014-04-21 15:00:00,70.07377229,0,0.6756220449262721,True,False
2014-04-21 16:00:00,69.70332453,0,0.6471757397770058,True,False
2014-04-21 17:00:00,69.7202728,0,0.6364640821563677,True,False
2014-04-21 18:00:00,69.40144364,0,0.633449000021125,True,False
2014-04-21 19:00:00,68.60855551,0,0.6137740646498432,False,False
2014-04-21 20:00:00,68.59433384,0,0.565410008652517,False,False
2014-04-21 21:00:00,67.36680577,0,0.5212013692271016,False,False
2014-04-21 22:00:00,67.03274551,0,0.47463758353545715,False,False
2014-04-21 23:00:00,67.24095409,0,0.45266496741276396,False,False
2014-04-22 00:00:00,65.7964252,0,0.5219631186760145,False,False
2014-04-22 01:00:00,64.99226274,0,0.5346458766723586,False,False
2014-04-22 02:00:00,64.49559793,0,0.5675212010194799,False,False
2014-04-22 03:00:00,65.11700189,0,0.5500129209815195,False,False
2014-04-22 04:00:00,64.3213603,0,0.5891758237978684,False,False
2014-04-22 05:00:00,63.60761024,0,0.6060990007512348,False,True
2014-04-22 06:00:00,64.31240029,0,0.5673091702593643,False,False
2014-04-22 07:00:00,63.6046907,0,0.5928039102554197,False,True
2014-04-22 08:00:00,64.44609818,0,0.5458611799532541,False,False
2014-04-22 09:00:00,65.51557705,0,0.5359446608482783,False,False
2014-04-22 10:00:00,66.98431814,0,0.5411950346408352,False,False
2014-04-22 11:00:00,67.61193771,0,0.5000983076593832,False,False
2014-04-22 12:00:00,69.98132266,0,0.606956923779943,False,False
2014-04-22 13:00:00,70.67558021,0,0.597387588935814,False,False
2014-04-22 14:00:00,69.62883752,0,0.6199029402209024,False,False
2014-04-22 15:00:00,69.69713146,0,0.6153869619676046,False,False
2014-04-22 16:00:00,69.91198782,0,0.6050777541471236,False,False
2014-04-22 17:00:00,70.55887454,0,0.5863654401030818,False,False
2014-04-22 18:00:00,70.51507392,0,0.5583449708524264,False,False
2014-04-22 19:00:00,69.61686927,0,0.529413441039456,False,False
2014-04-22 20:00:00,69.95093901,0,0.44683595414913857,False,False
2014-04-22 21:00:00,68.91740485,0,0.44635032571859845,False,False
2014-04-22 22:00:00,67.98366316,0,0.45050239643081247,False,False
2014-04-22 23:00:00,69.21152689,0,0.4575239220877843,False,False
2014-04-23 00:00:00,68.4994454,0,0.4414847641639661,False,False
2014-04-23 01:00:00,68.2065762,0,0.4265113671369172,False,False
2014-04-23 02:00:00,67.17531475,0,0.47123935842234144,False,False
2014-04-23 03:00:00,66.98745597,0,0.4565985920585153,False,False
2014-04-23 04:00:00,66.01118571,0,0.5052394565183335,False,False
2014-04-23 05:00:00,66.26108706,0,0.4764307853032234,False,False
2014-04-23 06:00:00,66.03229855,0,0.48561671218945707,False,False
2014-04-23 07:00:00,66.26457169,0,0.4759915003017712,False,False
2014-04-23 08:00:00,66.5901253,0,0.46037058930396363,False,False
2014-04-23 09:00:00,67.33860469,0,0.4586428253350784,False,False
2014-04-23 10:00:00,67.71813475,0,0.44151369290908093,False,False
2014-04-23 11:00:00,68.74407883,0,0.45815144750958187,False,False
2014-04-23 12:00:00,70.07146655,0,0.4775184823260516,False,False
2014-04-23 13:00:00,69.09664385,0,0.47475255749665923,False,False
2014-04-23 14:00:00,68.54085218,0,0.4630290025520414,False,False
2014-04-23 15:00:00,68.74793879,0,0.45510527306423293,False,False
2014-04-23 16:00:00,70.2110304,0,0.48841481081747296,False,False
2014-04-23 17:00:00,69.08812898,0,0.4694099435935124,False,False
2014-04-23 18:00:00,71.14090948,0,0.5189133595556971,False,False
2014-04-23 19:00:00,71.35406032,0,0.4411537153789294,False,False
2014-04-23 20:00:00,70.40898557,0,0.44710444861697446,False,False
2014-04-23 21:00:00,70.11680124,0,0.4218845111439669,False,False
2014-04-23 22:00:00,68.45657214,0,0.4691294580576715,False,False
2014-04-23 23:00:00,68.04369977,0,0.4300331953520478,False,False
2014-04-24 00:00:00,67.86825922,0,0.43852132746150246,False,False
2014-04-24 01:00:00,68.25265298,0,0.42785792063491235,False,False
2014-04-24 02:00:00,67.93389846,0,0.43782562514907913,False,False
2014-04-24 03:00:00,67.41557857,0,0.45884404322568756,False,False
2014-04-24 04:00:00,66.82858317,0,0.4800160427576071,False,False
2014-04-24 05:00:00,66.46827942,0,0.49068866414019274,False,False
2014-04-24 06:00:00,66.70529771,0,0.4769206094985598,False,False
2014-04-24 07:00:00,65.99333339,0,0.4913116146046467,False,False
2014-04-24 08:00:00,66.39954920000001,0,0.4604572217898603,False,False
2014-04-24 09:00:00,68.68937881,0,0.5333979862922704,False,False
2014-04-24 10:00:00,68.86981543,0,0.4335104942493857,False,False
2014-04-24 11:00:00,69.28930829,0,0.4368412777051978,False,False
2014-04-24 12:00:00,70.13701442,0,0.45574917054424696,False,False
2014-04-24 13:00:00,70.87920902,0,0.4640231621425966,False,False
2014-04-24 14:00:00,69.73387857,0,0.4976670907428241,False,False
2014-04-24 15:00:00,71.07672883,0,0.5016642640616013,False,False
2014-04-24 16:00:00,70.8997397,0,0.48317870336461227,False,False
2014-04-24 17:00:00,70.81721973,0,0.4707673552970772,False,False
2014-04-24 18:00:00,70.08894813,0,0.4760025636383949,False,False
2014-04-24 19:00:00,71.49812440000002,0,0.4632913273097312,False,False
2014-04-24 20:00:00,70.33872212,0,0.4332833603616288,False,False
2014-04-24 21:00:00,69.97998584,0,0.4145727356419464,False,False
2014-04-24 22:00:00,69.11046806,0,0.43621554083394043,False,False
2014-04-24 23:00:00,68.18636306,0,0.43990873999146085,False,False
2014-04-25 00:00:00,67.39351909,0,0.460112887977445,False,False
2014-04-25 01:00:00,66.57525861,0,0.49012324500282695,False,False
2014-04-25 02:00:00,67.73318644,0,0.48534697084074807,False,False
2014-04-25 03:00:00,66.68982673,0,0.5189834736343731,False,False
2014-04-25 04:00:00,65.83218116,0,0.5446902747921197,False,False
2014-04-25 05:00:00,65.95237266,0,0.525320864966306,False,False
2014-04-25 06:00:00,67.28099527,0,0.5280495156618386,False,False
2014-04-25 07:00:00,66.90419491,0,0.48050109884588804,False,False
2014-04-25 08:00:00,67.80676658,0,0.4571246518143052,False,False
2014-04-25 09:00:00,68.71115712,0,0.4483548826113099,False,False
2014-04-25 10:00:00,70.02939458,0,0.47339557399190335,False,False
2014-04-25 11:00:00,69.32625844,0,0.46405108590127025,False,False
2014-04-25 12:00:00,70.95509984,0,0.5126137961111508,False,False
2014-04-25 13:00:00,70.33649459,0,0.4865299164263651,False,False
2014-04-25 14:00:00,70.46790053,0,0.4709549074024511,False,False
2014-04-25 15:00:00,71.4753647,0,0.5004775562066405,False,False
2014-04-25 16:00:00,71.6850702,0,0.47768068030620303,False,False
2014-04-25 17:00:00,70.43496647,0,0.4782432262973955,False,False
2014-04-25 18:00:00,70.80912379,0,0.42371189680799654,False,False
2014-04-25 19:00:00,70.67649218,0,0.4133692616233006,False,False
2014-04-25 20:00:00,70.53630655,0,0.4043245114208014,False,False
2014-04-25 21:00:00,70.9107218,0,0.4200599025207876,False,False
2014-04-25 22:00:00,69.72934336,0,0.4467970734085552,False,False
2014-04-25 23:00:00,69.6017667,0,0.424607856515367,False,False
2014-04-26 00:00:00,69.48880205,0,0.42144222137986775,False,False
2014-04-26 01:00:00,67.24793666,0,0.5414387241702221,False,False
2014-04-26 02:00:00,67.33153476,0,0.4647510258948849,False,False
2014-04-26 03:00:00,66.89338891,0,0.477044999697282,False,False
2014-04-26 04:00:00,66.56130689,0,0.4919914408009809,False,False
2014-04-26 05:00:00,66.53741504,0,0.5008463980215127,False,False
2014-04-26 06:00:00,67.13725522,0,0.49501512224988464,False,False
2014-04-26 07:00:00,66.5594858,0,0.5076395612738333,False,False
2014-04-26 08:00:00,65.90565072,0,0.518847389162984,False,False
2014-04-26 09:00:00,65.53921771,0,0.5041196219137555,False,False
2014-04-26 10:00:00,65.83948867,0,0.48973391938433847,False,False
2014-04-26 11:00:00,64.57393058,0,0.5470466568275888,False,False
2014-04-26 12:00:00,65.47092598,0,0.49938716903608865,False,False
2014-04-26 13:00:00,64.06228730000001,0,0.5397177215219807,False,False
2014-04-26 14:00:00,65.61321875,0,0.5261817373307216,False,False
2014-04-26 15:00:00,65.0033148,0,0.4963548492042719,False,False
2014-04-26 16:00:00,65.06987305,0,0.4869341629308803,False,False
2014-04-26 17:00:00,65.49571691,0,0.49697603803775675,False,False
2014-04-26 18:00:00,64.89058829999999,0,0.5037412520227889,False,False
2014-04-26 19:00:00,63.93327257,0,0.5353259725162962,False,False
2014-04-26 20:00:00,65.74230017,0,0.5579170915177538,False,False
2014-04-26 21:00:00,64.87334743,0,0.5299695156701736,False,False
2014-04-26 22:00:00,64.59101491,0,0.5236048523166474,False,False
2014-04-26 23:00:00,64.52446439,0,0.5193153856100724,False,False
2014-04-27 00:00:00,65.86073905,0,0.5349627869286558,False,False
2014-04-27 01:00:00,65.70163338,0,0.5042858984107327,False,False
2014-04-27 02:00:00,65.48002454,0,0.5133368841565411,False,False
2014-04-27 03:00:00,65.01981817,0,0.5194064763552919,False,False
2014-04-27 04:00:00,64.07651163,0,0.5332810577586616,False,False
2014-04-27 05:00:00,64.19020524,0,0.5137930808462483,False,False
2014-04-27 06:00:00,64.54513799,0,0.5146768540472859,False,False
2014-04-27 07:00:00,64.16276662,0,0.5153384784502973,False,False
2014-04-27 08:00:00,64.68808942,0,0.5284619629237732,False,False
2014-04-27 09:00:00,65.0067767,0,0.521369985872339,False,False
2014-04-27 10:00:00,64.86726485,0,0.5176903816302104,False,False
2014-04-27 11:00:00,65.27562701,0,0.5179053654226484,False,False
2014-04-27 12:00:00,64.76188253,0,0.5374488001122164,False,False
2014-04-27 13:00:00,64.21479337,0,0.5515241510026782,False,False
2014-04-27 14:00:00,64.22497124,0,0.5620879628603329,False,False
2014-04-27 15:00:00,63.48983416,0,0.6017351137273745,False,True
2014-04-27 16:00:00,64.02881119,0,0.5678429040861682,False,False
2014-04-27 17:00:00,65.14115001,0,0.5631047600488649,False,False
2014-04-27 18:00:00,64.16580322,0,0.5771061690888372,False,False
2014-04-27 19:00:00,63.82552427,0,0.5582495005636284,False,True
2014-04-27 20:00:00,64.51645768,0,0.5551147955252438,False,False
2014-04-27 21:00:00,64.81548712,0,0.5559097317905609,False,False
2014-04-27 22:00:00,63.65811355,0,0.6041439821768124,False,True
2014-04-27 23:00:00,63.04274263,0,0.5948049502470033,False,True
2014-04-28 00:00:00,63.66900707,0,0.5872287527524219,False,True
2014-04-28 01:00:00,62.84663436,0,0.6057825977009992,False,True
2014-04-28 02:00:00,64.00274294,0,0.5704917016004118,False,False
2014-04-28 03:00:00,64.17028398,0,0.5455856681315998,False,False
2014-04-28 04:00:00,64.29074432,0,0.5450253177981479,False,False
2014-04-28 05:00:00,62.8534311,0,0.6301609677888029,True,True
2014-04-28 06:00:00,64.27748755,0,0.5894770544356478,False,False
2014-04-28 07:00:00,63.93818963,0,0.5491207951826169,False,False
2014-04-28 08:00:00,64.19242071,0,0.5561280067592624,False,False
2014-04-28 09:00:00,66.39555183,0,0.6050563530577365,False,False
2014-04-28 10:00:00,66.35592434,0,0.5195204886002991,False,False
2014-04-28 11:00:00,66.93708398,0,0.5333831258561132,False,False
2014-04-28 12:00:00,67.94603672,0,0.5409615803787424,False,False
2014-04-28 13:00:00,67.83616225,0,0.5343727404384992,False,False
2014-04-28 14:00:00,68.02972643,0,0.5380142000646727,False,False
2014-04-28 15:00:00,67.63528784,0,0.5345884653005399,False,False
2014-04-28 16:00:00,67.95345262,0,0.5264311571314914,False,False
2014-04-28 17:00:00,67.94164899,0,0.5009019563022974,False,False
2014-04-28 18:00:00,66.31355879,0,0.5499429989667096,False,False
2014-04-28 19:00:00,66.90239851,0,0.46759966658178875,False,False
2014-04-28 20:00:00,67.92545865,0,0.469044663187727,False,False
2014-04-28 21:00:00,66.24886617,0,0.5152836627019416,False,False
2014-04-28 22:00:00,66.61769712,0,0.4558575658541139,False,False
2014-04-28 23:00:00,66.45853965,0,0.45178848974522706,False,False
2014-04-29 00:00:00,65.70015178,0,0.484898578658715,False,False
2014-04-29 01:00:00,66.15509081,0,0.4650201430932604,False,False
2014-04-29 02:00:00,64.37093221,0,0.5634645956886812,False,False
2014-04-29 03:00:00,64.73766535,0,0.5097207073739,False,False
2014-04-29 04:00:00,63.71676928,0,0.5678708701924854,False,True
2014-04-29 05:00:00,65.12909065,0,0.5408763428613287,False,False
2014-04-29 06:00:00,64.59083625,0,0.5330962818501961,False,False
2014-04-29 07:00:00,65.39479955,0,0.5167209940318893,False,False
2014-04-29 08:00:00,64.99259943,0,0.49544685241774006,False,False
2014-04-29 09:00:00,63.55132406,0,0.5787615258502283,False,True
2014-04-29 10:00:00,63.86318351,0,0.5241470927453302,False,False
2014-04-29 11:00:00,63.4598629,0,0.5554889226272332,False,True
2014-04-29 12:00:00,63.08150923,0,0.5742336376706931,False,True
2014-04-29 13:00:00,63.48047822,0,0.5708552337139438,False,True
2014-04-29 14:00:00,64.82342973,0,0.5704730116195974,False,False
2014-04-29 15:00:00,64.45813978,0,0.5357030544757329,False,False
2014-04-29 16:00:00,63.80209508,0,0.5538352044867694,False,True
2014-04-29 17:00:00,65.04887616,0,0.5580917731378024,False,False
2014-04-29 18:00:00,65.88072103,0,0.533545429469227,False,False
2014-04-29 19:00:00,65.4814587,0,0.5181872104241345,False,False
2014-04-29 20:00:00,64.19984122,0,0.5649189212216026,False,False
2014-04-29 21:00:00,65.87838087,0,0.5741418203038599,False,False
2014-04-29 22:00:00,64.72572253,0,0.548365183806504,False,False
2014-04-29 23:00:00,65.00936847,0,0.518291758224436,False,False
2014-04-30 00:00:00,64.37972197,0,0.5177148692824891,False,False
2014-04-30 01:00:00,64.81705324,0,0.515266166739271,False,False
2014-04-30 02:00:00,64.01853731,0,0.5296322962582197,False,False
2014-04-30 03:00:00,62.59835239,0,0.6091155475309318,False,True
2014-04-30 04:00:00,62.15358748,0,0.6003592254125144,False,True
2014-04-30 05:00:00,63.65464859,0,0.6068952953916321,False,True
2014-04-30 06:00:00,62.66869499,0,0.6222725658294128,True,True
2014-04-30 07:00:00,63.19330523,0,0.5847005349013664,False,True
2014-04-30 08:00:00,64.24502053,0,0.5679685003291834,False,False
2014-04-30 09:00:00,65.1453243,0,0.5493099228874644,False,False
2014-04-30 10:00:00,64.9329398,0,0.5324639711951521,False,False
2014-04-30 11:00:00,66.64151484,0,0.5886824347237614,False,False
2014-04-30 12:00:00,66.82120203,0,0.544815260045818,False,False
2014-04-30 13:00:00,67.1960497,0,0.5600374656428092,False,False
2014-04-30 14:00:00,66.13772358,0,0.5763271353681617,False,False
2014-04-30 15:00:00,66.37318638,0,0.5419857094807626,False,False
2014-04-30 16:00:00,67.38361772,0,0.530390444452179,False,False
2014-04-30 17:00:00,67.98871109999999,0,0.5246280335068486,False,False
2014-04-30 18:00:00,66.25593843,0,0.5696115537285021,False,False
2014-04-30 19:00:00,65.92849928,0,0.47574435210199395,False,False
2014-04-30 20:00:00,67.21492219,0,0.4877725524287109,False,False
2014-04-30 21:00:00,66.24671438,0,0.4816630861096777,False,False
2014-04-30 22:00:00,66.61478769,0,0.47103688428314916,False,False
2014-04-30 23:00:00,64.84814958,0,0.5550294502873511,False,False
2014-05-01 00:00:00,64.94889814,0,0.4829958467323962,False,False
2014-05-01 01:00:00,64.45625398,0,0.5071253141786239,False,False
2014-05-01 02:00:00,63.9798679,0,0.5343457844958527,False,False
2014-05-01 03:00:00,64.26732464,0,0.5321321332406712,False,False
2014-05-01 04:00:00,64.59177699,0,0.5308266470567677,False,False
2014-05-01 05:00:00,65.37702424,0,0.5111544286009173,False,False
2014-05-01 06:00:00,65.19211401,0,0.4970987776396832,False,False
2014-05-01 07:00:00,65.37953893,0,0.4948729275638936,False,False
2014-05-01 08:00:00,65.05709023,0,0.49796362726176735,False,False
2014-05-01 09:00:00,65.87109317,0,0.507682235898507,False,False
2014-05-01 10:00:00,66.54947805,0,0.49554043787776586,False,False
2014-05-01 11:00:00,66.4332683,0,0.4783387337622414,False,False
2014-05-01 12:00:00,67.94196795,0,0.5276821656571432,False,False
2014-05-01 13:00:00,67.73779434,0,0.49060378560110035,False,False
2014-05-01 14:00:00,67.94409258,0,0.48410729991846785,False,False
2014-05-01 15:00:00,68.59569962,0,0.4821442926832548,False,False
2014-05-01 16:00:00,67.76281833,0,0.4871901878416756,False,False
2014-05-01 17:00:00,66.3713461,0,0.5175799496136608,False,False
2014-05-01 18:00:00,66.45491031,0,0.4699400516368264,False,False
2014-05-01 19:00:00,67.7664687,0,0.4837766722342097,False,False
2014-05-01 20:00:00,66.30486725,0,0.4976768514274533,False,False
2014-05-01 21:00:00,66.77500592,0,0.45853269429452215,False,False
2014-05-01 22:00:00,66.08791142,0,0.4687203929748005,False,False
2014-05-01 23:00:00,66.23633214,0,0.4522161830799664,False,False
2014-05-02 00:00:00,66.08952394,0,0.4581137847071998,False,False
2014-05-02 01:00:00,65.49363114,0,0.48166832862546294,False,False
2014-05-02 02:00:00,65.20911118,0,0.4810868697566396,False,False
2014-05-02 03:00:00,64.65270388,0,0.49862890781646096,False,False
2014-05-02 04:00:00,65.68346791,0,0.5054286600477546,False,False
2014-05-02 05:00:00,64.53848669,0,0.5166260993689835,False,False
2014-05-02 06:00:00,64.87436222,0,0.4987652203270791,False,False
2014-05-02 07:00:00,65.83693065,0,0.5041293620063824,False,False
2014-05-02 08:00:00,66.45562134,0,0.48038894994363796,False,False
2014-05-02 09:00:00,66.22132242,0,0.47831127722583155,False,False
2014-05-02 10:00:00,67.40617703,0,0.49845492859206086,False,False
2014-05-02 11:00:00,66.82972449,0,0.4748892031716205,False,False
2014-05-02 12:00:00,66.3484439,0,0.4718940890889377,False,False
2014-05-02 13:00:00,66.56058031,0,0.4676745136334015,False,False
2014-05-02 14:00:00,67.87466603,0,0.5038505989582143,False,False
2014-05-02 15:00:00,68.36875479999999,0,0.47200159073233444,False,False
2014-05-02 16:00:00,68.32191349,0,0.4734318371210698,False,False
2014-05-02 17:00:00,68.61482576,0,0.45840281227560936,False,False
2014-05-02 18:00:00,67.74306346,0,0.4597788603723491,False,False
2014-05-02 19:00:00,67.08645996,0,0.45255946987799367,False,False
2014-05-02 20:00:00,68.34330065,0,0.4601306834450609,False,False
2014-05-02 21:00:00,68.30007946,0,0.4420464957620175,False,False
2014-05-02 22:00:00,68.22785404,0,0.4419580017109424,False,False
2014-05-02 23:00:00,66.69875824,0,0.5005188560218277,False,False
2014-05-03 00:00:00,66.4911086,0,0.45363725334905,False,False
2014-05-03 01:00:00,66.35595511,0,0.4491314728431439,False,False
2014-05-03 02:00:00,66.81821492,0,0.45033009041587013,False,False
2014-05-03 03:00:00,65.56948969,0,0.4978295847766926,False,False
2014-05-03 04:00:00,66.61559763,0,0.4714416731317811,False,False
2014-05-03 05:00:00,65.6976645,0,0.4856529402554963,False,False
2014-05-03 06:00:00,64.59377619,0,0.528657320753923,False,False
2014-05-03 07:00:00,64.74378706,0,0.5237167295949035,False,False
2014-05-03 08:00:00,65.25902071,0,0.49938456221257754,False,False
2014-05-03 09:00:00,64.47503572,0,0.524979643166174,False,False
2014-05-03 10:00:00,64.61145531,0,0.4982646987090628,False,False
2014-05-03 11:00:00,63.68596001,0,0.552076734132063,False,True
2014-05-03 12:00:00,65.43821188,0,0.5544787761747145,False,False
2014-05-03 13:00:00,64.12205423,0,0.5407501895558714,False,False
2014-05-03 14:00:00,65.42301205,0,0.5384945199340974,False,False
2014-05-03 15:00:00,65.95634267,0,0.4974549273048244,False,False
2014-05-03 16:00:00,65.81969209,0,0.4867965305786365,False,False
2014-05-03 17:00:00,64.85601416,0,0.5289222617381328,False,False
2014-05-03 18:00:00,65.00620928,0,0.4997965770514337,False,False
2014-05-03 19:00:00,63.94392708,0,0.5400153276558833,False,False
2014-05-03 20:00:00,65.20208745,0,0.5350685268835743,False,False
2014-05-03 21:00:00,63.84740672,0,0.5534785813846008,False,True
2014-05-03 22:00:00,63.75022634,0,0.5290624275785474,False,True
2014-05-03 23:00:00,64.87600042,0,0.5364863927695078,False,False
2014-05-04 00:00:00,64.18060217,0,0.5264636223007216,False,False
2014-05-04 01:00:00,64.07250966,0,0.514446542472076,False,False
2014-05-04 02:00:00,62.43332813,0,0.6249726336163668,True,True
2014-05-04 03:00:00,62.52641171,0,0.5909238844347853,False,True
2014-05-04 04:00:00,62.30957888,0,0.5961539945754903,False,True
2014-05-04 05:00:00,62.35436891,0,0.5983127343835754,False,True
2014-05-04 06:00:00,63.42459056,0,0.6006327837519999,False,True
2014-05-04 07:00:00,63.09408094,0,0.5810247912234267,False,True
2014-05-04 08:00:00,62.58243369,0,0.6017909274917845,False,True
2014-05-04 09:00:00,63.37961637,0,0.5973333732239445,False,True
2014-05-04 10:00:00,62.86781634,0,0.6045095737271291,False,True
2014-05-04 11:00:00,62.88417215,0,0.5934983732822826,False,True
2014-05-04 12:00:00,62.11991599,0,0.6377605094912485,True,True
2014-05-04 13:00:00,62.70773678,0,0.6409309460130614,True,True
2014-05-04 14:00:00,63.59298753,0,0.6173816296117197,False,True
2014-05-04 15:00:00,62.71663598,0,0.6522861826087175,True,True
2014-05-04 16:00:00,63.60890306,0,0.6148229212459424,False,True
2014-05-04 17:00:00,62.82802932,0,0.6443198576039401,True,True
2014-05-04 18:00:00,63.79858076,0,0.6012144931198926,False,True
2014-05-04 19:00:00,63.11692463,0,0.621766442718226,True,True
2014-05-04 20:00:00,62.12890815,0,0.6473630407706684,True,True
2014-05-04 21:00:00,61.59769629,0,0.6168940235798761,False,True
2014-05-04 22:00:00,62.8583145,0,0.6296520053560083,True,True
2014-05-04 23:00:00,61.41615236,0,0.6460826973154882,True,True
2014-05-05 00:00:00,61.49160445,0,0.6146012795733176,False,True
2014-05-05 01:00:00,61.82814205,0,0.6061646431289573,False,True
2014-05-05 02:00:00,61.69737845,0,0.6098064655180149,False,True
2014-05-05 03:00:00,61.65254063,0,0.6005320040426088,False,True
2014-05-05 04:00:00,60.6068837,0,0.6251210298619551,True,True
2014-05-05 05:00:00,60.47320097,0,0.6053054642723541,False,True
2014-05-05 06:00:00,61.5530172,0,0.629371244973749,True,True
2014-05-05 07:00:00,62.01910222,0,0.6184576691298062,False,True
2014-05-05 08:00:00,61.23608102,0,0.6341068868841961,True,True
2014-05-05 09:00:00,63.67999575,0,0.6524500651986056,True,True
2014-05-05 10:00:00,63.36326181,0,0.5850723219979153,False,True
2014-05-05 11:00:00,64.13721032,0,0.5753423439919542,False,False
2014-05-05 12:00:00,64.5332446,0,0.5844167968575724,False,False
2014-05-05 13:00:00,64.19481423,0,0.5915965530249739,False,False
2014-05-05 14:00:00,65.1361502,0,0.6014646342925203,False,False
2014-05-05 15:00:00,65.97596267,0,0.6025697515036692,False,False
2014-05-05 16:00:00,65.85552001,0,0.5831583073238553,False,False
2014-05-05 17:00:00,66.32755106,0,0.5709541276042005,False,False
2014-05-05 18:00:00,66.92969566,0,0.5670129205311457,False,False
2014-05-05 19:00:00,67.2613918,0,0.5428868247503154,False,False
2014-05-05 20:00:00,65.80789035,0,0.5496825636243821,False,False
2014-05-05 21:00:00,66.20385124,0,0.49854239125889294,False,False
2014-05-05 22:00:00,66.51044071,0,0.47595167468939664,False,False
2014-05-05 23:00:00,64.8207324,0,0.5476388599472691,False,False
2014-05-06 00:00:00,63.59220664,0,0.5716383513398503,False,True
2014-05-06 01:00:00,63.23531713,0,0.5690242825050581,False,True
2014-05-06 02:00:00,62.49046863,0,0.6090846693657083,False,True
2014-05-06 03:00:00,62.28369414,0,0.6164917787764467,False,True
2014-05-06 04:00:00,63.30749881,0,0.616718121357514,False,True
2014-05-06 05:00:00,62.80276256,0,0.6344269659286812,True,True
2014-05-06 06:00:00,62.34187092,0,0.6414744789050493,True,True
2014-05-06 07:00:00,64.17473372,0,0.6321895433390703,True,False
2014-05-06 08:00:00,63.97093501,0,0.5816166520844,False,False
2014-05-06 09:00:00,65.0523434,0,0.5740733698367623,False,False
2014-05-06 10:00:00,64.75464232,0,0.5412647029915362,False,False
2014-05-06 11:00:00,65.04876411,0,0.5419117931471197,False,False
2014-05-06 12:00:00,65.74920338,0,0.5507540043704766,False,False
2014-05-06 13:00:00,66.40186825,0,0.5488501789598699,False,False
2014-05-06 14:00:00,66.18664212,0,0.5489198126450152,False,False
2014-05-06 15:00:00,67.31747692,0,0.5403318342704285,False,False
2014-05-06 16:00:00,66.95425995,0,0.5248605953893059,False,False
2014-05-06 17:00:00,66.93790428,0,0.5154694469581503,False,False
2014-05-06 18:00:00,67.73969822,0,0.4885669568659023,False,False
2014-05-06 19:00:00,66.72610529,0,0.5015236219798297,False,False
2014-05-06 20:00:00,66.08638956,0,0.4682182222876431,False,False
2014-05-06 21:00:00,66.71634147,0,0.46731617894844857,False,False
2014-05-06 22:00:00,65.14686479999999,0,0.5297662311691407,False,False
2014-05-06 23:00:00,64.64265197,0,0.4980535296771568,False,False
2014-05-07 00:00:00,65.62693199,0,0.4929122122952004,False,False
2014-05-07 01:00:00,64.08219838,0,0.5537355975847779,False,False
2014-05-07 02:00:00,64.54200752,0,0.5227866364297532,False,False
2014-05-07 03:00:00,65.09258433,0,0.503399748569168,False,False
2014-05-07 04:00:00,64.43853993,0,0.5325071406422334,False,False
2014-05-07 05:00:00,64.62081306,0,0.5181240317181945,False,False
2014-05-07 06:00:00,63.29588419,0,0.5820968887010305,False,True
2014-05-07 07:00:00,64.71917156,0,0.5582388189491333,False,False
2014-05-07 08:00:00,63.73179147,0,0.5490168061844319,False,True
2014-05-07 09:00:00,66.29709464,0,0.5908359503354752,False,False
2014-05-07 10:00:00,67.19427577,0,0.5093114665422983,False,False
2014-05-07 11:00:00,67.06897531,0,0.506120110087238,False,False
2014-05-07 12:00:00,68.72099133,0,0.5609014181645957,False,False
2014-05-07 13:00:00,69.96068224,0,0.5664927203840259,False,False
2014-05-07 14:00:00,70.56685636,0,0.5867608440049035,False,False
2014-05-07 15:00:00,69.75004488,0,0.6084869823647889,False,False
2014-05-07 16:00:00,69.17335133,0,0.5924350592772487,False,False
2014-05-07 17:00:00,70.50844769,0,0.6021949444223991,False,False
2014-05-07 18:00:00,70.24540175,0,0.542365888428961,False,False
2014-05-07 19:00:00,70.81293524,0,0.5123601931914847,False,False
2014-05-07 20:00:00,69.94704581,0,0.4601452975315921,False,False
2014-05-07 21:00:00,68.86682809,0,0.4481386314331611,False,False
2014-05-07 22:00:00,68.39329009,0,0.4263387744287195,False,False
2014-05-07 23:00:00,66.6067577,0,0.5282557263279523,False,False
2014-05-08 00:00:00,66.76001378,0,0.46773548696732276,False,False
2014-05-08 01:00:00,66.27637613,0,0.48869293791243246,False,False
2014-05-08 02:00:00,65.75512541,0,0.522050965350209,False,False
2014-05-08 03:00:00,65.81007339,0,0.5305999122490979,False,False
2014-05-08 04:00:00,65.37270606,0,0.5574067329711578,False,False
2014-05-08 05:00:00,66.28889617,0,0.5409280688468802,False,False
2014-05-08 06:00:00,66.23410255,0,0.5151982726049111,False,False
2014-05-08 07:00:00,64.91234651,0,0.5622968510111878,False,False
2014-05-08 08:00:00,67.05133706,0,0.5479650744968606,False,False
2014-05-08 09:00:00,67.83863065,0,0.47061666134691316,False,False
2014-05-08 10:00:00,68.10943196,0,0.46081708153445994,False,False
2014-05-08 11:00:00,69.65642273,0,0.5113272704320304,False,False
2014-05-08 12:00:00,70.60573585,0,0.5111477622567916,False,False
2014-05-08 13:00:00,70.62927012,0,0.5231942661962338,False,False
2014-05-08 14:00:00,70.21115072,0,0.5263621907562019,False,False
2014-05-08 15:00:00,70.29113189,0,0.5208157311286612,False,False
2014-05-08 16:00:00,70.64550484,0,0.491563633295208,False,False
2014-05-08 17:00:00,71.27645212,0,0.4938590438542184,False,False
2014-05-08 18:00:00,71.83727293,0,0.4916125193762267,False,False
2014-05-08 19:00:00,71.46726041,0,0.4316456359329965,False,False
2014-05-08 20:00:00,69.75939304,0,0.47904460020622897,False,False
2014-05-08 21:00:00,70.11417736,0,0.40207554025211106,False,False
2014-05-08 22:00:00,70.05504972,0,0.4141957893867777,False,False
2014-05-08 23:00:00,69.37027812,0,0.42394792702259937,False,False
2014-05-09 00:00:00,67.98228281,0,0.45643001547730344,False,False
2014-05-09 01:00:00,67.7865791,0,0.44053699593099477,False,False
2014-05-09 02:00:00,68.43446290000001,0,0.4380207630272832,False,False
2014-05-09 03:00:00,68.07785549,0,0.44260905458985117,False,False
2014-05-09 04:00:00,67.81285784,0,0.45049743089375793,False,False
2014-05-09 05:00:00,67.56774369,0,0.4550639849144628,False,False
2014-05-09 06:00:00,66.24760777,0,0.5116691051244274,False,False
2014-05-09 07:00:00,67.65004294,0,0.47748454200802765,False,False
2014-05-09 08:00:00,67.05143804,0,0.4627179107148865,False,False
2014-05-09 09:00:00,69.05576366,0,0.49900945402277297,False,False
2014-05-09 10:00:00,70.10149255,0,0.4442635169171046,False,False
2014-05-09 11:00:00,70.63274013,0,0.4325037367513106,False,False
2014-05-09 12:00:00,71.06084806,0,0.43848626470900326,False,False
2014-05-09 13:00:00,71.07378866,0,0.4518038255316067,False,False
2014-05-09 14:00:00,69.87334432,0,0.49137191060279833,False,False
2014-05-09 15:00:00,70.92486991,0,0.47798374133734206,False,False
2014-05-09 16:00:00,71.2245648,0,0.4611358195963356,False,False
2014-05-09 17:00:00,70.78867373,0,0.45993601097319664,False,False
2014-05-09 18:00:00,71.99197043,0,0.4568067576867554,False,False
2014-05-09 19:00:00,70.89590208,0,0.4348753023604131,False,False
2014-05-09 20:00:00,72.38733933,0,0.4462184560854803,False,False
2014-05-09 21:00:00,70.14675317,0,0.512877043917014,False,False
2014-05-09 22:00:00,69.74583888,0,0.4108476979159849,False,False
2014-05-09 23:00:00,69.43160284,0,0.4116325504594356,False,False
2014-05-10 00:00:00,68.23254059,0,0.45073961126792067,False,False
2014-05-10 01:00:00,69.47792142,0,0.4427957979215166,False,False
2014-05-10 02:00:00,68.91530719,0,0.4236962122665179,False,False
2014-05-10 03:00:00,68.35492212,0,0.4401140957549021,False,False
2014-05-10 04:00:00,68.39336374,0,0.43715142270298446,False,False
2014-05-10 05:00:00,68.42272702,0,0.43691975124115456,False,False
2014-05-10 06:00:00,67.0775277,0,0.49733162844823936,False,False
2014-05-10 07:00:00,66.90356792,0,0.47125212305548975,False,False
2014-05-10 08:00:00,66.37013021,0,0.4650066198357427,False,False
2014-05-10 09:00:00,68.21760218,0,0.49233710182283713,False,False
2014-05-10 10:00:00,67.53453251,0,0.4452153925110255,False,False
2014-05-10 11:00:00,67.42839785,0,0.4371027143856421,False,False
2014-05-10 12:00:00,66.96098515,0,0.4451806553358643,False,False
2014-05-10 13:00:00,67.33616722,0,0.44920975013195463,False,False
2014-05-10 14:00:00,66.84359334,0,0.4526793776038415,False,False
2014-05-10 15:00:00,65.89084398,0,0.48805057173089317,False,False
2014-05-10 16:00:00,66.81261725,0,0.47320140748677236,False,False
2014-05-10 17:00:00,65.32919958,0,0.5271733204397926,False,False
2014-05-10 18:00:00,65.92892671,0,0.4764056955857989,False,False
2014-05-10 19:00:00,66.58894429,0,0.46597065008831295,False,False
2014-05-10 20:00:00,65.10538195,0,0.522702264861387,False,False
2014-05-10 21:00:00,65.63011787,0,0.47995757755396035,False,False
2014-05-10 22:00:00,65.81492917,0,0.4688878276971768,False,False
2014-05-10 23:00:00,65.57018764,0,0.4783300178430205,False,False
2014-05-11 00:00:00,63.91974669,0,0.5521718414085586,False,False
2014-05-11 01:00:00,64.51176296,0,0.5059044274004173,False,False
2014-05-11 02:00:00,64.43387227,0,0.49990913744366156,False,False
2014-05-11 03:00:00,64.33383818,0,0.5002242247888731,False,False
2014-05-11 04:00:00,64.57554395,0,0.5081017044453733,False,False
2014-05-11 05:00:00,65.03499427,0,0.5012877859295485,False,False
2014-05-11 06:00:00,63.11467108,0,0.6130064251615235,False,True
2014-05-11 07:00:00,63.87061555,0,0.5405225703191249,False,False
2014-05-11 08:00:00,64.64784774,0,0.5352465988544403,False,False
2014-05-11 09:00:00,63.64523071,0,0.5827551339773365,False,True
2014-05-11 10:00:00,64.05141919,0,0.5405194579822616,False,False
2014-05-11 11:00:00,62.7828001,0,0.6222228840668088,True,True
2014-05-11 12:00:00,63.82347474,0,0.5707828004176941,False,True
2014-05-11 13:00:00,63.58691465,0,0.5665319742627335,False,True
2014-05-11 14:00:00,62.08829654,0,0.6356541160641902,True,True
2014-05-11 15:00:00,63.01928506,0,0.5960984957207202,False,True
2014-05-11 16:00:00,63.90711168,0,0.5695338669874077,False,False
2014-05-11 17:00:00,63.07839314,0,0.6048984474865046,False,True
2014-05-11 18:00:00,62.69840054,0,0.6006755955090428,False,True
2014-05-11 19:00:00,61.72789308,0,0.6206204825986797,True,True
2014-05-11 20:00:00,62.289274,0,0.6099878303957367,False,True
2014-05-11 21:00:00,63.08826676,0,0.60761298911637,False,True
2014-05-11 22:00:00,61.55557216,0,0.6472494314245187,True,True
2014-05-11 23:00:00,63.00932675,0,0.6318389734160149,True,True
2014-05-12 00:00:00,62.18412627,0,0.6277941564312861,True,True
2014-05-12 01:00:00,62.39660826,0,0.6091021682030271,False,True
2014-05-12 02:00:00,61.14767562,0,0.636416233951368,True,True
2014-05-12 03:00:00,61.13299926,0,0.6028881135894449,False,True
2014-05-12 04:00:00,62.20171526,0,0.6325231050517518,True,True
2014-05-12 05:00:00,61.03856972,0,0.6356856853944052,True,True
2014-05-12 06:00:00,62.82075925,0,0.6465066442261004,True,True
2014-05-12 07:00:00,62.2872788,0,0.6149926577010899,False,True
2014-05-12 08:00:00,61.74042901,0,0.6149926577010899,False,True
2014-05-12 09:00:00,64.34959977,0,0.6434627171412871,True,False
2014-05-12 10:00:00,66.00850439,0,0.6116729340746828,False,False
2014-05-12 11:00:00,65.98530817,0,0.5820184496010884,False,False
2014-05-12 12:00:00,67.03067426,0,0.6304594676650968,True,False
2014-05-12 13:00:00,68.11149661,0,0.6539418025332185,True,False
2014-05-12 14:00:00,68.18592974,0,0.6490650542097787,True,False
2014-05-12 15:00:00,69.09194409999999,0,0.6508441106936295,True,False
2014-05-12 16:00:00,70.46158593,0,0.6550112783226106,True,False
2014-05-12 17:00:00,68.55542525,0,0.6705287468480806,True,False
2014-05-12 18:00:00,68.18348692,0,0.61046033154198,False,False
2014-05-12 19:00:00,68.79946301,0,0.5657835954216737,False,False
2014-05-12 20:00:00,68.94392853,0,0.4764808794952476,False,False
2014-05-12 21:00:00,68.37912217,0,0.4410349408040698,False,False
2014-05-12 22:00:00,68.03272736,0,0.4355965211563675,False,False
2014-05-12 23:00:00,66.7522962,0,0.4799457047233893,False,False
2014-05-13 00:00:00,65.70093962,0,0.4951656840481472,False,False
2014-05-13 01:00:00,65.23145055,0,0.5107251536744286,False,False
2014-05-13 02:00:00,65.58334605,0,0.5127236046906817,False,False
2014-05-13 03:00:00,64.43826513,0,0.5775898662863352,False,False
2014-05-13 04:00:00,64.76745107,0,0.5517817125948563,False,False
2014-05-13 05:00:00,63.63936741,0,0.6097927924711042,False,True
2014-05-13 06:00:00,64.99365642,0,0.5774498280142475,False,False
2014-05-13 07:00:00,65.42791053,0,0.5420745403490561,False,False
2014-05-13 08:00:00,64.54368408,0,0.5621585219437559,False,False
2014-05-13 09:00:00,65.7424681,0,0.5238262510954306,False,False
2014-05-13 10:00:00,68.2490268,0,0.5747641199946059,False,False
2014-05-13 11:00:00,68.81523729,0,0.5033179716205216,False,False
2014-05-13 12:00:00,69.61897566,0,0.5403340052882829,False,False
2014-05-13 13:00:00,69.27540087,0,0.5630951439304483,False,False
2014-05-13 14:00:00,69.46898521,0,0.5775158473532153,False,False
2014-05-13 15:00:00,70.39851654,0,0.5835465181558912,False,False
2014-05-13 16:00:00,70.72748205,0,0.5777690373316121,False,False
2014-05-13 17:00:00,70.07376172,0,0.5412853498707372,False,False
2014-05-13 18:00:00,70.43111508,0,0.5089037395916872,False,False
2014-05-13 19:00:00,69.18648323,0,0.5120834585675544,False,False
2014-05-13 20:00:00,69.33720712,0,0.42381931133477313,False,False
2014-05-13 21:00:00,68.52452572,0,0.44732909603968085,False,False
2014-05-13 22:00:00,68.66320083,0,0.42705490212987596,False,False
2014-05-13 23:00:00,67.39728285,0,0.4690211066804314,False,False
2014-05-14 00:00:00,68.3111207,0,0.4395918253191017,False,False
2014-05-14 01:00:00,67.1601394,0,0.4751935867294741,False,False
2014-05-14 02:00:00,66.97372975,0,0.46396554923305533,False,False
2014-05-14 03:00:00,66.48481188,0,0.47408007446565276,False,False
2014-05-14 04:00:00,64.8808456,0,0.5631773982221085,False,False
2014-05-14 05:00:00,64.70801495,0,0.5470910556627678,False,False
2014-05-14 06:00:00,64.5459563,0,0.5520217034004576,False,False
2014-05-14 07:00:00,65.67840491,0,0.5417267200429062,False,False
2014-05-14 08:00:00,65.05875661,0,0.5291457498268229,False,False
2014-05-14 09:00:00,67.03858825,0,0.559815102672956,False,False
2014-05-14 10:00:00,69.05639384,0,0.5472904807699234,False,False
2014-05-14 11:00:00,68.99189609999999,0,0.49605439871254614,False,False
2014-05-14 12:00:00,69.97788528,0,0.5296723720875168,False,False
2014-05-14 13:00:00,70.175432,0,0.5418814236616568,False,False
2014-05-14 14:00:00,68.16664370000001,0,0.61470640575327,False,False
2014-05-14 15:00:00,68.57300267,0,0.54789255417671,False,False
2014-05-14 16:00:00,69.83526008,0,0.5564319277644627,False,False
2014-05-14 17:00:00,70.27480031,0,0.49795460617125437,False,False
2014-05-14 18:00:00,70.20609040000001,0,0.47066991478908415,False,False
2014-05-14 19:00:00,69.40921677,0,0.4611383611591349,False,False
2014-05-14 20:00:00,70.27798951,0,0.42722334077551555,False,False
2014-05-14 21:00:00,68.30333556,0,0.5179744428409073,False,False
2014-05-14 22:00:00,68.09324242,0,0.4248177277777114,False,False
2014-05-14 23:00:00,68.36429597,0,0.4207946413746135,False,False
2014-05-15 00:00:00,67.72416061,0,0.4322366028974877,False,False
2014-05-15 01:00:00,67.8085136,0,0.4279817857132537,False,False
2014-05-15 02:00:00,68.26962214,0,0.423224964321865,False,False
2014-05-15 03:00:00,66.64600393,0,0.5057182011236615,False,False
2014-05-15 04:00:00,67.56801604,0,0.45632268212347815,False,False
2014-05-15 05:00:00,67.36462946,0,0.4475591331584676,False,False
2014-05-15 06:00:00,64.81152604,0,0.5979073153345504,False,False
2014-05-15 07:00:00,66.53328753,0,0.526927456430288,False,False
2014-05-15 08:00:00,67.08670333,0,0.4456959266706788,False,False
2014-05-15 09:00:00,66.85800575,0,0.45358164571485393,False,False
2014-05-15 10:00:00,69.47031702,0,0.5420797903281183,False,False
2014-05-15 11:00:00,70.77703377,0,0.48596559001668943,False,False
2014-05-15 12:00:00,71.07003789,0,0.4807609474584772,False,False
2014-05-15 13:00:00,70.78202725,0,0.5036564893270999,False,False
2014-05-15 14:00:00,70.7083186,0,0.517598486526665,False,False
2014-05-15 15:00:00,70.96353620000002,0,0.513756238058295,False,False
2014-05-15 16:00:00,70.2180453,0,0.5261318726320837,False,False
2014-05-15 17:00:00,71.14732103,0,0.5199724410341794,False,False
2014-05-15 18:00:00,71.78243404,0,0.46863768964186064,False,False
2014-05-15 19:00:00,70.94431125,0,0.4510346626089893,False,False
2014-05-15 20:00:00,70.25408586,0,0.4182245546760546,False,False
2014-05-15 21:00:00,69.97385592,0,0.4279263202446635,False,False
2014-05-15 22:00:00,71.20814017,0,0.4705488182605551,False,False
2014-05-15 23:00:00,70.28109027,0,0.46147541539325976,False,False
2014-05-16 00:00:00,68.42534022,0,0.4955435620174176,False,False
2014-05-16 01:00:00,68.14026632,0,0.425234357744723,False,False
2014-05-16 02:00:00,68.31516842,0,0.4314204964652052,False,False
2014-05-16 03:00:00,68.80554576,0,0.4244365235638494,False,False
2014-05-16 04:00:00,68.70805438,0,0.4305567505257031,False,False
2014-05-16 05:00:00,68.21126844,0,0.4348224403553433,False,False
2014-05-16 06:00:00,67.02311979,0,0.488911737134805,False,False
2014-05-16 07:00:00,68.13634615,0,0.4504820846575822,False,False
2014-05-16 08:00:00,68.50810021,0,0.42957616161342316,False,False
2014-05-16 09:00:00,68.78472332,0,0.41843005170393055,False,False
2014-05-16 10:00:00,70.26313322,0,0.45760158599377726,False,False
2014-05-16 11:00:00,69.48894493,0,0.4408644936704953,False,False
2014-05-16 12:00:00,69.78809126,0,0.41915996221684915,False,False
2014-05-16 13:00:00,69.96723012,0,0.4175407247013363,False,False
2014-05-16 14:00:00,69.74249505,0,0.41766951034015554,False,False
2014-05-16 15:00:00,70.69057352,0,0.4327593267882769,False,False
2014-05-16 16:00:00,70.63243838,0,0.42538874558190787,False,False
2014-05-16 17:00:00,70.67548445,0,0.4233307252921764,False,False
2014-05-16 18:00:00,71.48839758,0,0.4250644502702743,False,False
2014-05-16 19:00:00,70.21791457,0,0.440145296306957,False,False
2014-05-16 20:00:00,69.93428517,0,0.4299671662708915,False,False
2014-05-16 21:00:00,70.22321349,0,0.4368936482118118,False,False
2014-05-16 22:00:00,70.68873242,0,0.432570206881211,False,False
2014-05-16 23:00:00,68.72204475,0,0.5218767066518903,False,False
2014-05-17 00:00:00,69.45225691,0,0.4337327645244386,False,False
2014-05-17 01:00:00,68.41224787,0,0.4420996346595878,False,False
2014-05-17 02:00:00,68.36748732,0,0.4200097241047045,False,False
2014-05-17 03:00:00,67.63648402,0,0.4528813757237601,False,False
2014-05-17 04:00:00,67.66201157,0,0.43578406944800224,False,False
2014-05-17 05:00:00,65.90307781,0,0.5450850815546958,False,False
2014-05-17 06:00:00,66.21437481,0,0.48625404456760946,False,False
2014-05-17 07:00:00,65.82644339,0,0.5099451187534011,False,False
2014-05-17 08:00:00,65.50506941,0,0.5243893519566878,False,False
2014-05-17 09:00:00,65.74501564,0,0.5240523604086029,False,False
2014-05-17 10:00:00,65.36640537,0,0.5145097323329292,False,False
2014-05-17 11:00:00,65.90704699,0,0.49905844534413485,False,False
2014-05-17 12:00:00,63.77248723,0,0.6214052899554836,True,True
2014-05-17 13:00:00,64.55949992,0,0.5366225220678245,False,False
2014-05-17 14:00:00,64.5256338,0,0.5113244533072092,False,False
2014-05-17 15:00:00,64.67400160000001,0,0.5091190125368095,False,False
2014-05-17 16:00:00,62.79405286,0,0.6275805015507967,True,True
2014-05-17 17:00:00,64.31443601,0,0.5673849268846113,False,False
2014-05-17 18:00:00,62.55982025,0,0.6428876648778855,True,True
2014-05-17 19:00:00,62.74968304,0,0.5972075424709347,False,True
2014-05-17 20:00:00,62.73063243,0,0.6034239965717433,False,True
2014-05-17 21:00:00,63.65406403,0,0.5841584368366227,False,True
2014-05-17 22:00:00,63.42070867,0,0.5776329379154788,False,True
2014-05-17 23:00:00,61.94114934,0,0.6318755787894709,True,True
2014-05-18 00:00:00,62.89319989,0,0.6032339290572334,False,True
2014-05-18 01:00:00,61.96136235,0,0.6192407765917362,False,True
2014-05-18 02:00:00,61.33631343,0,0.6130801516767708,False,True
2014-05-18 03:00:00,61.95426535,0,0.6195981529202961,False,True
2014-05-18 04:00:00,61.38195858,0,0.6144659932568968,False,True
2014-05-18 05:00:00,62.38443786,0,0.6277122517660806,True,True
2014-05-18 06:00:00,61.0947659,0,0.6394165159070513,True,True
2014-05-18 07:00:00,61.36331427,0,0.6112374261546742,False,True
2014-05-18 08:00:00,60.59300743,0,0.6178210243467553,False,True
2014-05-18 09:00:00,60.43062383,0,0.6015811978078465,False,True
2014-05-18 10:00:00,60.58242408,0,0.6097519745959038,False,True
2014-05-18 11:00:00,60.31117133,0,0.6100844257434697,False,True
2014-05-18 12:00:00,59.76775547,0,0.6158456477509094,False,True
2014-05-18 13:00:00,59.86404445,0,0.6101234886096001,False,True
2014-05-18 14:00:00,60.24787212,0,0.6148081889005595,False,True
2014-05-18 15:00:00,60.87471092,0,0.6181251952913459,False,True
2014-05-18 16:00:00,60.28561460000001,0,0.6171001999898935,False,True
2014-05-18 17:00:00,59.52889185,0,0.6380482410667958,True,True
2014-05-18 18:00:00,59.31666076,0,0.6235815197559555,True,True
2014-05-18 19:00:00,59.14006513,0,0.6224991006013544,True,True
2014-05-18 20:00:00,59.33578729,0,0.6214379468967908,True,True
2014-05-18 21:00:00,58.5039748,0,0.6275516211423392,True,True
2014-05-18 22:00:00,59.10760819,0,0.616915402049623,False,True
2014-05-18 23:00:00,58.16034228,0,0.6300625262819761,True,True
2014-05-19 00:00:00,58.42363855,0,0.6142484902489753,False,True
2014-05-19 01:00:00,57.8619057,0,0.6144659932568968,False,True
2014-05-19 02:00:00,58.63929497,0,0.621569487163392,True,True
2014-05-19 03:00:00,59.07469099,0,0.6154769246883683,False,True
2014-05-19 04:00:00,60.49092523,0,0.6448387406203737,True,True
2014-05-19 05:00:00,59.71185823,0,0.6222603778486754,True,True
2014-05-19 06:00:00,60.37589367,0,0.6207421921775386,True,True
2014-05-19 07:00:00,60.17109245,0,0.6033024767489549,False,True
2014-05-19 08:00:00,60.29668226,0,0.606134884839463,False,True
2014-05-19 09:00:00,62.032778,0,0.6542496658142671,True,True
2014-05-19 10:00:00,63.30565358,0,0.6500440041015442,True,True
2014-05-19 11:00:00,66.46108503,0,0.6999662252301089,True,False
2014-05-19 12:00:00,68.26175947,0,0.6906537470207582,True,False
2014-05-19 13:00:00,70.71157984,0,0.7084236081406956,True,False
2014-05-19 14:00:00,71.27550282,0,0.6689559815938173,True,False
2014-05-19 15:00:00,72.16832368,0,0.6566068169573329,True,False
2014-05-19 16:00:00,71.18424703,0,0.6498137119720248,True,False
2014-05-19 17:00:00,72.14062818,0,0.6338055188244379,True,False
2014-05-19 18:00:00,71.21197512,0,0.6238417361299876,True,False
2014-05-19 19:00:00,69.21714746,0,0.6464587239660449,True,False
2014-05-19 20:00:00,68.35285951,0,0.6008584655966939,False,False
2014-05-19 21:00:00,65.94373646,0,0.6591635240065254,True,False
2014-05-19 22:00:00,63.16581259,0,0.691876749556217,True,True
2014-05-19 23:00:00,63.4757356,0,0.6391545413989861,True,True
2014-05-20 00:00:00,63.46895245,0,0.6367546050677144,True,True
2014-05-20 01:00:00,61.42920712,0,0.7016672326712311,True,True
2014-05-20 02:00:00,61.67708270000001,0,0.6662530892912332,True,True
2014-05-20 03:00:00,61.78693595,0,0.6649249842236689,True,True
2014-05-20 04:00:00,60.88555024,0,0.6840990502834786,True,True
2014-05-20 05:00:00,61.49993807,0,0.6927988157459141,True,True
2014-05-20 06:00:00,61.05565421,0,0.7008920462335929,True,True
2014-05-20 07:00:00,61.47083928,0,0.6812462817238124,True,True
2014-05-20 08:00:00,62.30626718,0,0.6422568277439745,True,True
2014-05-20 09:00:00,62.87057976,0,0.6019513299492435,False,True
2014-05-20 10:00:00,63.4008645,0,0.5894878742830856,False,True
2014-05-20 11:00:00,67.54217170000001,0,0.6547438870080994,True,False
2014-05-20 12:00:00,69.71421777,0,0.6993130319471743,True,False
2014-05-20 13:00:00,69.51084605,0,0.671662405529621,True,False
2014-05-20 14:00:00,71.30924261,0,0.6781009912580842,True,False
2014-05-20 15:00:00,71.54100964,0,0.6431166881871752,True,False
2014-05-20 16:00:00,72.16153754,0,0.6333922380443019,True,False
2014-05-20 17:00:00,70.88654096,0,0.6418004708917278,True,False
2014-05-20 18:00:00,70.91172121,0,0.6027895023491049,False,False
2014-05-20 19:00:00,72.16415303,0,0.6081624004289384,False,False
2014-05-20 20:00:00,70.52750726,0,0.6148564636365501,False,False
2014-05-20 21:00:00,67.87157133,0,0.6281688990914801,True,False
2014-05-20 22:00:00,68.33303676,0,0.4541513374539824,False,False
2014-05-20 23:00:00,66.90035458,0,0.5299089047722532,False,False
2014-05-21 00:00:00,66.99561858,0,0.5065364306288191,False,False
2014-05-21 01:00:00,65.40626786,0,0.6022599024436892,False,False
2014-05-21 02:00:00,64.32359927,0,0.6319209571955062,True,False
2014-05-21 03:00:00,63.56365044,0,0.6513825897079158,True,True
2014-05-21 04:00:00,64.11854793,0,0.644742964674701,True,False
2014-05-21 05:00:00,62.70245453,0,0.6869249265431858,True,True
2014-05-21 06:00:00,62.74071071,0,0.6603610801776248,True,True
2014-05-21 07:00:00,64.71093807,0,0.6654624171093797,True,False
2014-05-21 08:00:00,65.83512160000001,0,0.5733175966376335,False,False
2014-05-21 09:00:00,66.70320421,0,0.5531884067740293,False,False
2014-05-21 10:00:00,68.58472225,0,0.589241550362062,False,False
2014-05-21 11:00:00,71.45729537,0,0.6675202946919347,True,False
2014-05-21 12:00:00,71.66573622,0,0.6354594555843198,True,False
2014-05-21 13:00:00,72.395749,0,0.6318878253859724,True,False
2014-05-21 14:00:00,73.90430952,0,0.6528084637196059,True,False
2014-05-21 15:00:00,74.74593843,0,0.6215996827465224,True,False
2014-05-21 16:00:00,74.30063758,0,0.6064069691535231,False,False
2014-05-21 17:00:00,72.59432304,0,0.6229815116855163,True,False
2014-05-21 18:00:00,72.22398046,0,0.5788730096398644,False,False
2014-05-21 19:00:00,72.32603021,0,0.5726614952097953,False,False
2014-05-21 20:00:00,73.63394052,0,0.5651175655730718,False,False
2014-05-21 21:00:00,71.85085806,0,0.5139114247637917,False,False
2014-05-21 22:00:00,70.92319988,0,0.42765497282726683,False,False
2014-05-21 23:00:00,69.67101298,0,0.4704391995267478,False,False
2014-05-22 00:00:00,69.59055937,0,0.46524069028327364,False,False
2014-05-22 01:00:00,68.10096848,0,0.5638522015282094,False,False
2014-05-22 02:00:00,67.59063877,0,0.5640447018825839,False,False
2014-05-22 03:00:00,67.28802796,0,0.5603033861160703,False,False
2014-05-22 04:00:00,65.50415242,0,0.6341102931128251,True,False
2014-05-22 05:00:00,64.98749725,0,0.6172903492554103,False,False
2014-05-22 06:00:00,63.84289079999999,0,0.6487400645007063,True,True
2014-05-22 07:00:00,65.27590436,0,0.6582196521254903,True,False
2014-05-22 08:00:00,65.24654655,0,0.6107385139118222,False,False
2014-05-22 09:00:00,69.10167387,0,0.6337256191453955,True,False
2014-05-22 10:00:00,70.78848187,0,0.582443530050107,False,False
2014-05-22 11:00:00,71.86870384,0,0.5950740982572222,False,False
2014-05-22 12:00:00,71.94794239,0,0.6166898075191842,False,False
2014-05-22 13:00:00,73.677598,0,0.646155115703606,True,False
2014-05-22 14:00:00,72.98770276,0,0.6118338692543764,False,False
2014-05-22 15:00:00,74.42875737,0,0.631715462979976,True,False
2014-05-22 16:00:00,72.64701052,0,0.6316322848427183,True,False
2014-05-22 17:00:00,73.13696747,0,0.5754234960834795,False,False
2014-05-22 18:00:00,72.89262523,0,0.5842483635955636,False,False
2014-05-22 19:00:00,71.9456771,0,0.5647487448200411,False,False
2014-05-22 20:00:00,72.75306445,0,0.4265089836081874,False,False
2014-05-22 21:00:00,72.16946467,0,0.3976119834592683,False,False
2014-05-22 22:00:00,70.85768581,0,0.42718774039989815,False,False
2014-05-22 23:00:00,68.89846747,0,0.5239716525398675,False,False
2014-05-23 00:00:00,69.76426088,0,0.4710746258323446,False,False
2014-05-23 01:00:00,67.22274865,0,0.6132208253859274,False,False
2014-05-23 02:00:00,66.84469742,0,0.5769428642335307,False,False
2014-05-23 03:00:00,65.7499409,0,0.6107768127011507,False,False
2014-05-23 04:00:00,65.72828867,0,0.6021591625683184,False,False
2014-05-23 05:00:00,64.56403526,0,0.6403598651001099,True,False
2014-05-23 06:00:00,64.82619471,0,0.6253196356791039,True,False
2014-05-23 07:00:00,65.55274567,0,0.6337574313091682,True,False
2014-05-23 08:00:00,66.27026002,0,0.5966051090202763,False,False
2014-05-23 09:00:00,68.11559824,0,0.5749661762172391,False,False
2014-05-23 10:00:00,69.89230339,0,0.5556289870186509,False,False
2014-05-23 11:00:00,70.85563315,0,0.5431476206868966,False,False
2014-05-23 12:00:00,72.70590985,0,0.6248137174667912,True,False
2014-05-23 13:00:00,73.19388671,0,0.6123644443212096,False,False
2014-05-23 14:00:00,71.69026293,0,0.6278067274494638,True,False
2014-05-23 15:00:00,71.85985178,0,0.5957612141616239,False,False
2014-05-23 16:00:00,73.21648743,0,0.6162819682635255,False,False
2014-05-23 17:00:00,72.87018134,0,0.5851877997192722,False,False
2014-05-23 18:00:00,72.78601953,0,0.5680363999316982,False,False
2014-05-23 19:00:00,72.3176002,0,0.5084756977565278,False,False
2014-05-23 20:00:00,72.96734992,0,0.4439132183292325,False,False
2014-05-23 21:00:00,72.9728198,0,0.38789316554926934,False,False
2014-05-23 22:00:00,71.42381462,0,0.4442105006259102,False,False
2014-05-23 23:00:00,71.5294155,0,0.4035517183056392,False,False
2014-05-24 00:00:00,70.53019592,0,0.41147873011807595,False,False
2014-05-24 01:00:00,67.44737298,0,0.5700490721359396,False,False
2014-05-24 02:00:00,68.10673337,0,0.5061508609254753,False,False
2014-05-24 03:00:00,66.54488604,0,0.5965126526293659,False,False
2014-05-24 04:00:00,65.99044378,0,0.6014889263680767,False,False
2014-05-24 05:00:00,65.57383653,0,0.6125773432643142,False,False
2014-05-24 06:00:00,63.7342402,0,0.6688260046611919,True,True
2014-05-24 07:00:00,64.60030306,0,0.6382674538523592,True,False
2014-05-24 08:00:00,63.81887969,0,0.6535079198238514,True,True
2014-05-24 09:00:00,62.53317986,0,0.6851523159123922,True,True
2014-05-24 10:00:00,62.63998719,0,0.664625132424044,True,True
2014-05-24 11:00:00,63.36766655,0,0.6402996348133962,True,True
2014-05-24 12:00:00,62.24567585,0,0.6528070058660119,True,True
2014-05-24 13:00:00,62.11892222,0,0.6469872001968794,True,True
2014-05-24 14:00:00,60.93392081,0,0.661077278958516,True,True
2014-05-24 15:00:00,60.93279727,0,0.6303861653345461,True,True
2014-05-24 16:00:00,61.2825587,0,0.6372384942989182,True,True
2014-05-24 17:00:00,61.86767484,0,0.6203407195001801,True,True
2014-05-24 18:00:00,61.09664628,0,0.6318427822956781,True,True
2014-05-24 19:00:00,62.27844332,0,0.6322873504505286,True,True
2014-05-24 20:00:00,61.90070789,0,0.6103684304724265,False,True
2014-05-24 21:00:00,62.39310154,0,0.6137053372106314,False,True
2014-05-24 22:00:00,62.30137458,0,0.6051710100058366,False,True
2014-05-24 23:00:00,62.56461867,0,0.6190781081917286,False,True
2014-05-25 00:00:00,62.72498472,0,0.6081168098112667,False,True
2014-05-25 01:00:00,61.83288929,0,0.6324192474512222,True,True
2014-05-25 02:00:00,61.81999904,0,0.6185131813878076,False,True
2014-05-25 03:00:00,61.63311346,0,0.6298364988873602,True,True
2014-05-25 04:00:00,62.64551718,0,0.6431935811169932,True,True
2014-05-25 05:00:00,62.36561658,0,0.6287098787744662,True,True
2014-05-25 06:00:00,60.95432355,0,0.6688247643549896,True,True
2014-05-25 07:00:00,62.2887861,0,0.6544346901633997,True,True
2014-05-25 08:00:00,61.79099234,0,0.6321315811929674,True,True
2014-05-25 09:00:00,61.2350892,0,0.6290040628739082,True,True
2014-05-25 10:00:00,61.70115537,0,0.6278009180335792,True,True
2014-05-25 11:00:00,62.50943034,0,0.631184393724427,True,True
2014-05-25 12:00:00,61.01775642,0,0.6643324149061568,True,True
2014-05-25 13:00:00,62.17679039,0,0.6407284042407627,True,True
2014-05-25 14:00:00,62.78656524,0,0.6139195022124957,False,True
2014-05-25 15:00:00,61.01764809,0,0.6574287647790529,True,True
2014-05-25 16:00:00,62.19066364,0,0.6337500064115803,True,True
2014-05-25 17:00:00,62.3200289,0,0.6106765220229485,False,True
2014-05-25 18:00:00,61.24446489,0,0.6426574332704532,True,True
2014-05-25 19:00:00,61.04660004,0,0.6125366058886503,False,True
2014-05-25 20:00:00,62.45615333,0,0.6421953521094333,True,True
2014-05-25 21:00:00,60.84765432,0,0.651704785360378,True,True
2014-05-25 22:00:00,62.16201772,0,0.6390560243642298,True,True
2014-05-25 23:00:00,61.47244327,0,0.6156197769058753,False,True
2014-05-26 00:00:00,62.07873026,0,0.616915402049623,False,True
2014-05-26 01:00:00,61.76786,0,0.6107508280932965,False,True
2014-05-26 02:00:00,61.14309718,0,0.6293887020871576,True,True
2014-05-26 03:00:00,61.00938428,0,0.6190203683261467,False,True
2014-05-26 04:00:00,61.95202076,0,0.6357818197541385,True,True
2014-05-26 05:00:00,62.03764829,0,0.6224431022667597,True,True
2014-05-26 06:00:00,61.473338899999995,0,0.6310883986977467,True,True
2014-05-26 07:00:00,61.51732548,0,0.6258454726325242,True,True
2014-05-26 08:00:00,63.77163674,0,0.6349355204437102,True,True
2014-05-26 09:00:00,66.16135606,0,0.6444866589667798,True,False
2014-05-26 10:00:00,68.07227638,0,0.669448048210772,True,False
2014-05-26 11:00:00,69.81799259,0,0.6833388429397469,True,False
2014-05-26 12:00:00,72.0269253,0,0.6945605451219646,True,False
2014-05-26 13:00:00,71.77669121,0,0.6567676386861212,True,False
2014-05-26 14:00:00,72.19859519,0,0.6365233382425254,True,False
2014-05-26 15:00:00,72.23311654,0,0.6376716650971709,True,False
2014-05-26 16:00:00,72.51360720000002,0,0.6089805507761551,False,False
2014-05-26 17:00:00,73.97990891,0,0.6352423217375079,True,False
2014-05-26 18:00:00,72.13547844,0,0.6325440234274656,True,False
2014-05-26 19:00:00,73.53223604,0,0.6098348639858889,False,False
2014-05-26 20:00:00,71.63600005,0,0.5721109346192458,False,False
2014-05-26 21:00:00,70.98695943,0,0.4404872833424701,False,False
2014-05-26 22:00:00,69.02377801,0,0.5133146690630205,False,False
2014-05-26 23:00:00,68.51109537,0,0.4681752181003567,False,False
2014-05-27 00:00:00,67.10193816,0,0.5575296042873525,False,False
2014-05-27 01:00:00,66.822098,0,0.5754150396456494,False,False
2014-05-27 02:00:00,65.9294706,0,0.6151478569093195,False,False
2014-05-27 03:00:00,67.12169762,0,0.6139029800497827,False,False
2014-05-27 04:00:00,65.4066128,0,0.649148078651265,True,False
2014-05-27 05:00:00,64.94669438,0,0.6237302037641279,True,False
2014-05-27 06:00:00,64.01596424,0,0.6462405044279392,True,False
2014-05-27 07:00:00,63.637964399999994,0,0.6315228227205542,True,True
2014-05-27 08:00:00,64.58194931,0,0.6087168742965224,False,False
2014-05-27 09:00:00,66.86987932,0,0.6036108583153402,False,False
2014-05-27 10:00:00,70.10010407,0,0.5972707716161345,False,False
2014-05-27 11:00:00,71.53161261,0,0.6054199288830389,False,False
2014-05-27 12:00:00,72.17782106,0,0.6281182140351473,True,False
2014-05-27 13:00:00,72.68078037,0,0.6225385741375551,True,False
2014-05-27 14:00:00,71.96861391,0,0.6140647216294768,False,False
2014-05-27 15:00:00,72.11443201,0,0.6010432146610895,False,False
2014-05-27 16:00:00,73.00783047,0,0.5971974855949109,False,False
2014-05-27 17:00:00,73.08768457,0,0.5912515203917345,False,False
2014-05-27 18:00:00,71.32243816,0,0.6201479032395544,False,False
2014-05-27 19:00:00,71.49022791,0,0.547699446247567,False,False
2014-05-27 20:00:00,71.8134752,0,0.44267045460366944,False,False
2014-05-27 21:00:00,69.75022022,0,0.4957892569982715,False,False
2014-05-27 22:00:00,69.68719735,0,0.41339061100816055,False,False
2014-05-27 23:00:00,68.98695874,0,0.436651325124495,False,False
2014-05-28 00:00:00,68.63483818,0,0.4477926871580448,False,False
2014-05-28 01:00:00,67.0000815,0,0.5525329921311212,False,False
2014-05-28 02:00:00,66.52891628,0,0.546950648882593,False,False
2014-05-28 03:00:00,67.65632279,0,0.5565091523755419,False,False
2014-05-28 04:00:00,65.74329837,0,0.6151447303504719,False,False
2014-05-28 05:00:00,66.24037883,0,0.550221293619566,False,False
2014-05-28 06:00:00,64.78402266,0,0.6097348433599479,False,False
2014-05-28 07:00:00,65.6458741,0,0.5715052230438662,False,False
2014-05-28 08:00:00,67.47256826,0,0.545943476920971,False,False
2014-05-28 09:00:00,68.03307954,0,0.4701421596647875,False,False
2014-05-28 10:00:00,70.45571697,0,0.5716196620284061,False,False
2014-05-28 11:00:00,72.37020644,0,0.6041200827996748,False,False
2014-05-28 12:00:00,72.17295622,0,0.5755793910273608,False,False
2014-05-28 13:00:00,72.04656545,0,0.5938561128703368,False,False
2014-05-28 14:00:00,71.82522648,0,0.6022966308481769,False,False
2014-05-28 15:00:00,72.58408858,0,0.5936420141002767,False,False
